
Gurobi 12.0.3 (mac64[arm]) logging started Thu Aug 27 13:13:10 2026

Set parameter LogFile to value "n10-lifted-global-search.log"
Gurobi Optimizer version 12.0.3 build v12.0.3rc0 (mac64[arm] - Darwin 25.2.0 25C56)

CPU model: Apple M5
Thread count: 10 physical cores, 10 logical processors, using up to 10 threads

Non-default parameters:
TimeLimit  7200
MIPFocus  2
NonConvex  2

Optimize a model with 231 rows, 172 columns and 1434 nonzeros
Model fingerprint: 0x5fb71cd2
Model has 51 quadratic constraints
Variable types: 67 continuous, 105 integer (105 binary)
Coefficient statistics:
  Matrix range     [5e-01, 1e+00]
  QMatrix range    [1e+00, 1e+00]
  QLMatrix range   [1e+00, 1e+00]
  Objective range  [1e+00, 1e+00]
  Bounds range     [5e-02, 1e+00]
  RHS range        [5e-01, 2e+00]

Loaded user MIP start with objective 0.0465

Presolve removed 1 rows and 0 columns
Presolve time: 0.00s
Presolved: 434 rows, 173 columns, 1840 nonzeros
Presolved model has 51 bilinear constraint(s)

Solving non-convex MIQCP

Variable types: 68 continuous, 105 integer (105 binary)
Root relaxation presolve removed 7 rows and 1 columns
Root relaxation presolved: 427 rows, 172 columns, 1935 nonzeros


Root relaxation: objective 5.488069e-02, 151 iterations, 0.00 seconds (0.00 work units)

    Nodes    |    Current Node    |     Objective Bounds      |     Work
 Expl Unexpl |  Obj  Depth IntInf | Incumbent    BestBd   Gap | It/Node Time

     0     0    0.05488    0   51    0.04650    0.05488  18.0%     -    0s
H    0     0                       0.0465374    0.05488  17.9%     -    0s
     0     0    0.05488    0   59    0.04654    0.05488  17.9%     -    0s
     0     0    0.05488    0   59    0.04654    0.05488  17.9%     -    0s
     0     0    0.05488    0   49    0.04654    0.05488  17.9%     -    0s
     0     0    0.05488    0   50    0.04654    0.05488  17.9%     -    0s
     0     0    0.05488    0   45    0.04654    0.05488  17.9%     -    0s
     0     0    0.05488    0   45    0.04654    0.05488  17.9%     -    0s
     0     2    0.05488    0   45    0.04654    0.05488  17.9%     -    0s
 49362 11325     cutoff   54         0.04654    0.05488  17.9%  33.4    5s
 117491 22544 infeasible   33         0.04654    0.05488  17.9%  32.2   10s
 183480 31129    0.04892   49   51    0.04654    0.05488  17.9%  32.6   15s
 242900 38356    0.04927   40   62    0.04654    0.05488  17.9%  33.1   20s
 292735 44689 infeasible   41         0.04654    0.05488  17.9%  33.4   25s
 356227 53175 infeasible   54         0.04654    0.05488  17.9%  33.3   30s
 416680 63256    0.05150   44   62    0.04654    0.05488  17.9%  33.3   35s
 472123 71065    0.05345   51   64    0.04654    0.05488  17.9%  33.3   40s
 526862 78123     cutoff   57         0.04654    0.05488  17.9%  33.3   45s
 580945 86664     cutoff   47         0.04654    0.05488  17.9%  33.2   50s
 639461 95218    0.05055   34   57    0.04654    0.05488  17.9%  33.1   55s
 695656 101741    0.05366   37   34    0.04654    0.05488  17.9%  33.1   60s
 753019 109265     cutoff   35         0.04654    0.05488  17.9%  33.0   65s
 807507 117107    0.05488   42   59    0.04654    0.05488  17.9%  33.1   70s
 863319 124443 infeasible   49         0.04654    0.05488  17.9%  33.0   75s
 922136 130819    0.04699   42   64    0.04654    0.05488  17.9%  33.0   80s
 981576 137407    0.05488   42   43    0.04654    0.05488  17.9%  32.9   85s
 1039156 146526     cutoff   51         0.04654    0.05488  17.9%  32.7   90s
 1092334 153273    0.05488   44   42    0.04654    0.05488  17.9%  32.8   95s
 1152426 161240    0.05488   37   61    0.04654    0.05488  17.9%  32.8  100s
 1203504 167554    0.05047   42   55    0.04654    0.05488  17.9%  32.9  105s
 1255377 173697    0.05488   33   34    0.04654    0.05488  17.9%  33.0  110s
 1301333 179782    0.05139   47   61    0.04654    0.05488  17.9%  33.1  115s
 1354798 187372    0.05274   44   65    0.04654    0.05488  17.9%  33.1  120s
 1409719 194220    0.05488   42   44    0.04654    0.05488  17.9%  33.2  125s
 1463026 201497    0.04761   54   61    0.04654    0.05488  17.9%  33.2  130s
 1521140 209428 infeasible   41         0.04654    0.05488  17.9%  33.2  135s
 1578292 216058    0.05312   43   46    0.04654    0.05488  17.9%  33.2  140s
 1633961 223586    0.05082   44   48    0.04654    0.05488  17.9%  33.1  145s
 1691543 230162     cutoff   42         0.04654    0.05488  17.9%  33.1  150s
 1744602 235280 infeasible   41         0.04654    0.05488  17.9%  33.2  155s
 1797309 240732    0.04869   46   52    0.04654    0.05488  17.9%  33.2  160s
 1848211 245672    0.05000   45   54    0.04654    0.05488  17.9%  33.3  165s
 1896106 251224    0.05488   43   30    0.04654    0.05488  17.9%  33.4  170s

Cutting planes:
  Gomory: 35
  Lift-and-project: 1
  Implied bound: 19
  MIR: 6
  Flow cover: 92
  Inf proof: 380
  RLT: 119
  Relax-and-lift: 53

Explored 1899129 nodes (63385475 simplex iterations) in 170.21 seconds (387.89 work units)
Thread count was 10 (of 10 available processors)

Solution count 1: 0.0465374 

Solve interrupted
Best objective 4.653741958254e-02, best bound 5.488068669328e-02, gap 17.9281%

Gurobi 12.0.3 (mac64[arm]) logging started Thu Aug 27 13:16:24 2026

Set parameter LogFile to value "n10-lifted-global-search.log"
Gurobi Optimizer version 12.0.3 build v12.0.3rc0 (mac64[arm] - Darwin 25.2.0 25C56)

CPU model: Apple M5
Thread count: 10 physical cores, 10 logical processors, using up to 10 threads

Non-default parameters:
TimeLimit  7200
MIPFocus  2
NonConvex  2

Optimize a model with 235 rows, 172 columns and 1446 nonzeros
Model fingerprint: 0x4434f44f
Model has 96 quadratic constraints
Variable types: 67 continuous, 105 integer (105 binary)
Coefficient statistics:
  Matrix range     [5e-01, 2e+00]
  QMatrix range    [1e+00, 2e+00]
  QLMatrix range   [1e+00, 2e+00]
  Objective range  [1e+00, 1e+00]
  Bounds range     [5e-02, 1e+00]
  RHS range        [5e-01, 2e+00]
  QRHS range       [1e+00, 2e+00]

Loaded user MIP start with objective 0.0465

Presolve removed 2 rows and 0 columns
Presolve time: 0.00s
Presolved: 595 rows, 238 columns, 2319 nonzeros
Presolved model has 1 quadratic constraint(s)
Presolved model has 115 bilinear constraint(s)

Solving non-convex MIQCP

Variable types: 133 continuous, 105 integer (105 binary)
Root relaxation presolve removed 144 rows and 66 columns
Root relaxation presolved: 451 rows, 172 columns, 1833 nonzeros


Root relaxation: objective 5.487600e-02, 142 iterations, 0.00 seconds (0.00 work units)

    Nodes    |    Current Node    |     Objective Bounds      |     Work
 Expl Unexpl |  Obj  Depth IntInf | Incumbent    BestBd   Gap | It/Node Time

     0     0    0.05488    0  112    0.04650    0.05488  18.0%     -    0s
     0     0    0.05488    0  126    0.04650    0.05488  18.0%     -    0s
     0     0    0.05488    0   98    0.04650    0.05488  18.0%     -    0s
     0     0    0.05488    0  113    0.04650    0.05488  18.0%     -    0s
H    0     0                       0.0465374    0.05488  17.9%     -    0s
     0     0    0.05488    0   96    0.04654    0.05488  17.9%     -    0s
     0     0    0.05488    0   96    0.04654    0.05488  17.9%     -    0s
     0     2    0.05488    0   96    0.04654    0.05488  17.9%     -    0s
 10734  3627    0.05488   33  102    0.04654    0.05488  17.9%  69.5    5s
 15682  4694     cutoff   38         0.04654    0.05488  17.9%  72.5   10s
 25911  6756    0.05444   41  121    0.04654    0.05488  17.9%  76.2   15s
 27904  7010     cutoff   44         0.04654    0.05488  17.9%  76.4   20s
 28043  7025     cutoff   41         0.04654    0.05488  17.9%  76.4   25s
 29591  7349    0.04982   38  126    0.04654    0.05488  17.9%  77.0   30s
 37414  8460     cutoff   40         0.04654    0.05488  17.9%  76.9   35s
 49303  9794    0.04694   38  114    0.04654    0.05488  17.9%  75.6   40s
 61673 11014     cutoff   43         0.04654    0.05488  17.9%  74.6   45s
 72804 12411     cutoff   47         0.04654    0.05488  17.9%  74.0   50s
 85501 13617     cutoff   48         0.04654    0.05488  17.9%  72.7   55s
 96736 15033    0.05235   37  115    0.04654    0.05488  17.9%  72.1   60s
 107535 17087    0.05488   37  132    0.04654    0.05488  17.9%  71.7   65s
 116973 18577    0.04949   42   62    0.04654    0.05488  17.9%  71.7   70s

Cutting planes:
  Gomory: 35
  Implied bound: 9
  MIR: 8
  Flow cover: 116
  Inf proof: 94
  RLT: 476
  Relax-and-lift: 43
  BQP: 653
  PSD: 930

Explored 123785 nodes (8848198 simplex iterations) in 72.52 seconds (265.18 work units)
Thread count was 10 (of 10 available processors)

Solution count 1: 0.0465374 

Solve interrupted
Best objective 4.653741958254e-02, best bound 5.487599917090e-02, gap 17.9180%

Gurobi 12.0.3 (mac64[arm]) logging started Thu Aug 27 13:17:55 2026

Set parameter LogFile to value "n10-lifted-global-search.log"
Gurobi Optimizer version 12.0.3 build v12.0.3rc0 (mac64[arm] - Darwin 25.2.0 25C56)

CPU model: Apple M5
Thread count: 10 physical cores, 10 logical processors, using up to 10 threads

Non-default parameters:
TimeLimit  7200
MIPFocus  2
NonConvex  2

Optimize a model with 655 rows, 172 columns and 2916 nonzeros
Model fingerprint: 0x27599432
Model has 51 quadratic constraints
Variable types: 67 continuous, 105 integer (105 binary)
Coefficient statistics:
  Matrix range     [5e-01, 2e+00]
  QMatrix range    [1e+00, 1e+00]
  QLMatrix range   [1e+00, 1e+00]
  Objective range  [1e+00, 1e+00]
  Bounds range     [5e-02, 1e+00]
  RHS range        [5e-01, 2e+00]

Loaded user MIP start with objective 0.0465

Presolve removed 97 rows and 0 columns
Presolve time: 0.00s
Presolved: 762 rows, 173 columns, 3114 nonzeros
Presolved model has 51 bilinear constraint(s)

Solving non-convex MIQCP

Variable types: 68 continuous, 105 integer (105 binary)
Root relaxation presolve removed 146 rows and 1 columns
Root relaxation presolved: 616 rows, 317 columns, 2792 nonzeros


Root relaxation: objective 5.487600e-02, 187 iterations, 0.00 seconds (0.00 work units)

    Nodes    |    Current Node    |     Objective Bounds      |     Work
 Expl Unexpl |  Obj  Depth IntInf | Incumbent    BestBd   Gap | It/Node Time

     0     0    0.05488    0   51    0.04650    0.05488  18.0%     -    0s
H    0     0                       0.0465374    0.05488  17.9%     -    0s
     0     0    0.05488    0   53    0.04654    0.05488  17.9%     -    0s
     0     0    0.05488    0   46    0.04654    0.05488  17.9%     -    0s
     0     0    0.05488    0   46    0.04654    0.05488  17.9%     -    0s
     0     0    0.05488    0   44    0.04654    0.05488  17.9%     -    0s
     0     0    0.05488    0   44    0.04654    0.05488  17.9%     -    0s
     0     0    0.05488    0   44    0.04654    0.05488  17.9%     -    0s
     0     0    0.05488    0   44    0.04654    0.05488  17.9%     -    0s
     0     2    0.05488    0   44    0.04654    0.05488  17.9%     -    0s
 33031  8404    0.05249   44   69    0.04654    0.05488  17.9%  34.0    5s
 82601 16204    0.04839   50   45    0.04654    0.05488  17.9%  36.0   10s
 131266 23064     cutoff   59         0.04654    0.05488  17.9%  35.7   15s
 189799 31850    0.04863   39   57    0.04654    0.05488  17.9%  35.5   20s
 242385 40345     cutoff   55         0.04654    0.05488  17.9%  35.5   25s
 300704 47128    0.05331   62   60    0.04654    0.05488  17.9%  35.6   30s
 356519 55180     cutoff   47         0.04654    0.05488  17.9%  35.7   35s
 410144 63183    0.04959   52   35    0.04654    0.05488  17.9%  35.8   40s
 456356 69922 infeasible   39         0.04654    0.05488  17.9%  36.0   45s
 511128 78127    0.05090   47   68    0.04654    0.05488  17.9%  36.1   50s
 565213 87271    0.04659   41   67    0.04654    0.05488  17.9%  36.0   55s
 608370 93418    0.05488   43   50    0.04654    0.05488  17.9%  35.9   60s
 661025 102032    0.04719   43   55    0.04654    0.05488  17.9%  35.9   65s
 711935 109594    0.05325   57   57    0.04654    0.05488  17.9%  35.9   70s
 764098 118313    0.04838   49   59    0.04654    0.05488  17.9%  35.9   75s
 813323 125608    0.05482   42   62    0.04654    0.05488  17.9%  36.0   80s
 862410 131387    0.04838   44   72    0.04654    0.05488  17.9%  36.1   85s
 910096 138654    0.05067   53   47    0.04654    0.05488  17.9%  36.1   90s
 962322 146163    0.05488   48   62    0.04654    0.05488  17.9%  36.0   95s
 1015657 155600    0.05365   35   63    0.04654    0.05488  17.9%  36.1  101s
 1065778 161422    0.05342   40   56    0.04654    0.05488  17.9%  36.1  105s
 1118130 169507     cutoff   46         0.04654    0.05488  17.9%  36.1  110s
 1165977 178998     cutoff   47         0.04654    0.05488  17.9%  36.1  115s

Cutting planes:
  Gomory: 16
  Implied bound: 30
  MIR: 13
  Flow cover: 87
  Inf proof: 414
  RLT: 224
  Relax-and-lift: 42

Explored 1169299 nodes (42152853 simplex iterations) in 115.22 seconds (304.79 work units)
Thread count was 10 (of 10 available processors)

Solution count 1: 0.0465374 

Solve interrupted
Best objective 4.653741958254e-02, best bound 5.487599917090e-02, gap 17.9180%

Gurobi 12.0.3 (mac64[arm]) logging started Thu Aug 27 13:20:15 2026

Set parameter LogFile to value "n10-lifted-global-search.log"
Gurobi Optimizer version 12.0.3 build v12.0.3rc0 (mac64[arm] - Darwin 25.2.0 25C56)

CPU model: Apple M5
Thread count: 10 physical cores, 10 logical processors, using up to 10 threads

Non-default parameters:
TimeLimit  7200
MIPFocus  2
NonConvex  2

Optimize a model with 1071 rows, 172 columns and 5412 nonzeros
Model fingerprint: 0xed502df9
Model has 51 quadratic constraints
Variable types: 67 continuous, 105 integer (105 binary)
Coefficient statistics:
  Matrix range     [5e-01, 2e+00]
  QMatrix range    [1e+00, 1e+00]
  QLMatrix range   [1e+00, 1e+00]
  Objective range  [1e+00, 1e+00]
  Bounds range     [5e-02, 1e+00]
  RHS range        [5e-01, 4e+00]

Loaded user MIP start with objective 0.0465

Presolve removed 97 rows and 0 columns
Presolve time: 0.00s
Presolved: 1178 rows, 173 columns, 5610 nonzeros
Presolved model has 51 bilinear constraint(s)

Solving non-convex MIQCP

Variable types: 68 continuous, 105 integer (105 binary)
Root relaxation presolve removed 354 rows and 1 columns
Root relaxation presolved: 824 rows, 525 columns, 4248 nonzeros


Root relaxation: objective 5.487600e-02, 171 iterations, 0.00 seconds (0.01 work units)

    Nodes    |    Current Node    |     Objective Bounds      |     Work
 Expl Unexpl |  Obj  Depth IntInf | Incumbent    BestBd   Gap | It/Node Time

     0     0    0.05488    0   51    0.04650    0.05488  18.0%     -    0s
H    0     0                       0.0465374    0.05488  17.9%     -    0s
     0     0    0.05488    0   57    0.04654    0.05488  17.9%     -    0s
     0     0    0.05488    0   52    0.04654    0.05488  17.9%     -    0s
     0     0    0.05488    0   52    0.04654    0.05488  17.9%     -    0s
     0     0    0.05488    0   52    0.04654    0.05488  17.9%     -    0s
     0     0    0.05488    0   52    0.04654    0.05488  17.9%     -    0s
     0     0    0.05488    0   52    0.04654    0.05488  17.9%     -    0s
     0     0    0.05488    0   52    0.04654    0.05488  17.9%     -    0s
     0     0    0.05488    0   52    0.04654    0.05488  17.9%     -    0s
     0     0    0.05488    0   52    0.04654    0.05488  17.9%     -    0s
     0     2    0.05488    0   52    0.04654    0.05488  17.9%     -    0s
 29946  9315    0.04718   55   55    0.04654    0.05488  17.9%  42.8    5s
 70707 17687     cutoff   43         0.04654    0.05488  17.9%  42.3   10s
 109558 24263    0.05488   41   34    0.04654    0.05488  17.9%  44.0   15s
 153113 30997    0.05328   50   68    0.04654    0.05488  17.9%  43.6   20s
 194344 36901    0.05488   33   51    0.04654    0.05488  17.9%  43.3   25s
 230571 43525    0.05488   41   50    0.04654    0.05488  17.9%  43.6   30s
 266689 49011     cutoff   43         0.04654    0.05488  17.9%  43.7   35s
 302633 54217    0.04935   46   50    0.04654    0.05488  17.9%  43.8   40s
 333303 60271    0.05488   50   49    0.04654    0.05488  17.9%  43.9   45s
 373987 65034     cutoff   46         0.04654    0.05488  17.9%  44.0   50s
 412273 70113 infeasible   48         0.04654    0.05488  17.9%  43.5   55s
 450600 74732    0.04911   57   56    0.04654    0.05488  17.9%  43.1   60s
 486581 79404    0.04669   64   48    0.04654    0.05488  17.9%  42.8   65s
 523100 85234     cutoff   46         0.04654    0.05488  17.9%  42.8   70s
 560286 91372 infeasible   54         0.04654    0.05488  17.9%  42.7   75s
 595877 96279     cutoff   53         0.04654    0.05488  17.9%  42.6   80s
 634054 101983    0.05466   42   66    0.04654    0.05488  17.9%  42.4   85s
 672178 109066    0.05488   33   45    0.04654    0.05488  17.9%  42.4   90s
 707532 115440    0.05005   27   76    0.04654    0.05488  17.9%  42.4   95s
 742004 122367     cutoff   39         0.04654    0.05488  17.9%  42.6  100s
 776015 128429    0.05441   33   83    0.04654    0.05488  17.9%  42.7  105s
 814481 133516    0.05012   40   70    0.04654    0.05488  17.9%  42.8  110s
 849999 138582    0.04896   44   52    0.04654    0.05488  17.9%  42.9  115s
 879559 142696    0.05488   48   59    0.04654    0.05488  17.9%  43.0  120s
 909653 147952    0.05166   36   66    0.04654    0.05488  17.9%  43.1  125s
 936903 151893    0.05488   39   56    0.04654    0.05488  17.9%  43.2  130s
 965599 157113    0.05488   47   55    0.04654    0.05488  17.9%  43.2  135s
 1004743 162051    0.04692   42   53    0.04654    0.05488  17.9%  43.2  140s
 1035301 167768    0.05363   47   65    0.04654    0.05488  17.9%  43.3  145s
 1067986 173988    0.04662   45   66    0.04654    0.05488  17.9%  43.3  150s
 1097374 179474    0.04825   32   68    0.04654    0.05488  17.9%  43.4  155s
 1125851 184690    0.05488   25   49    0.04654    0.05488  17.9%  43.5  160s
 1163237 191610    0.04700   38   54    0.04654    0.05488  17.9%  43.6  165s
 1192855 196904    0.05488   36   46    0.04654    0.05488  17.9%  43.6  170s
 1223308 201667    0.05039   47   67    0.04654    0.05488  17.9%  43.7  175s
 1252263 205938     cutoff   41         0.04654    0.05488  17.9%  43.8  180s
 1284688 210859     cutoff   44         0.04654    0.05488  17.9%  43.8  185s
 1318437 217149    0.05488   39   63    0.04654    0.05488  17.9%  43.9  190s
 1349746 221771    0.05425   50   60    0.04654    0.05488  17.9%  43.9  195s

Cutting planes:
  Gomory: 17
  Implied bound: 11
  MIR: 16
  Mixing: 2
  Flow cover: 108
  Inf proof: 844
  RLT: 315
  Relax-and-lift: 23

Explored 1370001 nodes (60134938 simplex iterations) in 197.64 seconds (568.96 work units)
Thread count was 10 (of 10 available processors)

Solution count 1: 0.0465374 

Solve interrupted
Best objective 4.653741958254e-02, best bound 5.487599917090e-02, gap 17.9180%

Gurobi 12.0.3 (mac64[arm]) logging started Thu Aug 27 13:24:46 2026

Set parameter LogFile to value "n10-lifted-global-search.log"
Gurobi Optimizer version 12.0.3 build v12.0.3rc0 (mac64[arm] - Darwin 25.2.0 25C56)

CPU model: Apple M5
Thread count: 10 physical cores, 10 logical processors, using up to 10 threads

Non-default parameters:
TimeLimit  7200
MIPFocus  2
NonConvex  2

Optimize a model with 655 rows, 172 columns and 2916 nonzeros
Model fingerprint: 0x27599432
Model has 51 quadratic constraints
Variable types: 67 continuous, 105 integer (105 binary)
Coefficient statistics:
  Matrix range     [5e-01, 2e+00]
  QMatrix range    [1e+00, 1e+00]
  QLMatrix range   [1e+00, 1e+00]
  Objective range  [1e+00, 1e+00]
  Bounds range     [5e-02, 1e+00]
  RHS range        [5e-01, 2e+00]

Loaded user MIP start with objective 0.0465

Presolve removed 97 rows and 0 columns
Presolve time: 0.00s
Presolved: 762 rows, 173 columns, 3114 nonzeros
Presolved model has 51 bilinear constraint(s)

Solving non-convex MIQCP

Variable types: 68 continuous, 105 integer (105 binary)
Root relaxation presolve removed 146 rows and 1 columns
Root relaxation presolved: 616 rows, 317 columns, 2792 nonzeros


Root relaxation: objective 5.487600e-02, 187 iterations, 0.00 seconds (0.00 work units)

    Nodes    |    Current Node    |     Objective Bounds      |     Work
 Expl Unexpl |  Obj  Depth IntInf | Incumbent    BestBd   Gap | It/Node Time

     0     0    0.05488    0   51    0.04650    0.05488  18.0%     -    0s
H    0     0                       0.0465374    0.05488  17.9%     -    0s
     0     0    0.05488    0   53    0.04654    0.05488  17.9%     -    0s
     0     0    0.05488    0   46    0.04654    0.05488  17.9%     -    0s
     0     0    0.05488    0   46    0.04654    0.05488  17.9%     -    0s
     0     0    0.05488    0   44    0.04654    0.05488  17.9%     -    0s
     0     0    0.05488    0   44    0.04654    0.05488  17.9%     -    0s
     0     0    0.05488    0   44    0.04654    0.05488  17.9%     -    0s
     0     0    0.05488    0   44    0.04654    0.05488  17.9%     -    0s
     0     2    0.05488    0   44    0.04654    0.05488  17.9%     -    0s
 41083 10085    0.04949   42   69    0.04654    0.05488  17.9%  33.6    5s
 98579 18538    0.04858   54   32    0.04654    0.05488  17.9%  36.2   10s
 150364 25830     cutoff   44         0.04654    0.05488  17.9%  35.6   15s
 209393 35302    0.04842   42   57    0.04654    0.05488  17.9%  35.5   20s
 269232 43457    0.05318   39   51    0.04654    0.05488  17.9%  35.6   25s
 324342 50523     cutoff   43         0.04654    0.05488  17.9%  35.7   30s
 372220 57411     cutoff   53         0.04654    0.05488  17.9%  35.7   35s
 425651 65759    0.05488   40   59    0.04654    0.05488  17.9%  35.9   40s
 479310 73254    0.05188   36   82    0.04654    0.05488  17.9%  36.1   45s
 530837 81480    0.05210   40   46    0.04654    0.05488  17.9%  36.1   50s
 578493 89450    0.05488   34   59    0.04654    0.05488  17.9%  35.9   55s
 632476 97035    0.05019   44   50    0.04654    0.05488  17.9%  35.8   60s
 685800 105458    0.05338   42   62    0.04654    0.05488  17.9%  35.9   65s
 737030 113695    0.05044   41   53    0.04654    0.05488  17.9%  35.9   70s
 788008 121970    0.05488   55   40    0.04654    0.05488  17.9%  35.9   75s
 836859 128322    0.05368   47   66    0.04654    0.05488  17.9%  36.0   80s
 885612 134796    0.05202   43   59    0.04654    0.05488  17.9%  36.1   85s
 935075 142306 infeasible   36         0.04654    0.05488  17.9%  36.1   90s
 986979 149998    0.05215   58   63    0.04654    0.05488  17.9%  36.0   95s
 1037128 157643     cutoff   44         0.04654    0.05488  17.9%  36.1  100s
 1088862 164571     cutoff   50         0.04654    0.05488  17.9%  36.1  105s
 1141090 174328     cutoff   58         0.04654    0.05488  17.9%  36.1  110s

Gurobi 12.0.3 (mac64[arm]) logging started Thu Aug 27 13:26:39 2026

Set parameter LogFile to value "n10-lifted-global-search.log"
Gurobi Optimizer version 12.0.3 build v12.0.3rc0 (mac64[arm] - Darwin 25.2.0 25C56)

CPU model: Apple M5
Thread count: 10 physical cores, 10 logical processors, using up to 10 threads

Non-default parameters:
TimeLimit  7200
MIPFocus  2
NonConvex  2

Optimize a model with 445 rows, 172 columns and 1546 nonzeros
Model fingerprint: 0x82c7abfe
Model has 156 quadratic constraints
Variable types: 67 continuous, 105 integer (105 binary)
Coefficient statistics:
  Matrix range     [5e-01, 2e+00]
  QMatrix range    [1e+00, 1e+00]
  QLMatrix range   [5e-01, 1e+00]
  Objective range  [1e+00, 1e+00]
  Bounds range     [5e-02, 1e+00]
  RHS range        [5e-01, 2e+00]
  QRHS range       [5e-01, 5e-01]

Loaded user MIP start with objective 0.0465

Presolve added 113 rows and 0 columns
Presolve time: 0.00s
Presolved: 762 rows, 173 columns, 3114 nonzeros
Presolved model has 51 bilinear constraint(s)

Solving non-convex MIQCP

Variable types: 68 continuous, 105 integer (105 binary)
Root relaxation presolve removed 146 rows and 1 columns
Root relaxation presolved: 616 rows, 317 columns, 2792 nonzeros


Root relaxation: objective 5.487600e-02, 141 iterations, 0.00 seconds (0.00 work units)

    Nodes    |    Current Node    |     Objective Bounds      |     Work
 Expl Unexpl |  Obj  Depth IntInf | Incumbent    BestBd   Gap | It/Node Time

     0     0    0.05488    0   51    0.04650    0.05488  18.0%     -    0s
H    0     0                       0.0465374    0.05488  17.9%     -    0s
     0     0    0.05488    0   53    0.04654    0.05488  17.9%     -    0s
     0     0    0.05488    0   51    0.04654    0.05488  17.9%     -    0s
     0     0    0.05488    0   51    0.04654    0.05488  17.9%     -    0s
     0     0    0.05488    0   51    0.04654    0.05488  17.9%     -    0s
     0     0    0.05488    0   51    0.04654    0.05488  17.9%     -    0s
     0     0    0.05488    0   51    0.04654    0.05488  17.9%     -    0s
     0     0    0.05488    0   51    0.04654    0.05488  17.9%     -    0s
     0     2    0.05488    0   51    0.04654    0.05488  17.9%     -    0s
 1180327 181223    0.05110   45   64    0.04654    0.05488  17.9%  36.0  115s
 18666  4619     cutoff   49         0.04654    0.05488  17.9%  33.9    5s
 1202102 184409    0.04792   44   65    0.04654    0.05488  17.9%  36.0  120s
 51270  9724     cutoff   47         0.04654    0.05488  17.9%  33.9   10s
 1233394 189708     cutoff   44         0.04654    0.05488  17.9%  36.0  125s
 80152 14455    0.04784   37   51    0.04654    0.05488  17.9%  34.7   15s
 1256398 194203    0.04926   47   55    0.04654    0.05488  17.9%  36.0  130s
 109303 20557    0.05488   42   53    0.04654    0.05488  17.9%  34.3   20s
 1291646 200869    0.05488   46   47    0.04654    0.05488  17.9%  36.0  135s
 146065 26972    0.05028   54   57    0.04654    0.05488  17.9%  33.3   25s
 1314163 204227 infeasible   44         0.04654    0.05488  17.9%  35.9  140s
 178568 33163    0.05301   40   53    0.04654    0.05488  17.9%  33.1   30s
 1346493 210428    0.05208   40   51    0.04654    0.05488  17.9%  35.9  145s
 212250 38875    0.05347   51   60    0.04654    0.05488  17.9%  32.9   35s
 1368075 213691     cutoff   51         0.04654    0.05488  17.9%  35.9  150s
 246224 45231    0.05488   45   46    0.04654    0.05488  17.9%  32.6   40s
 1401188 217591    0.04829   42   55    0.04654    0.05488  17.9%  35.9  155s
 278097 50130    0.04838   44   55    0.04654    0.05488  17.9%  32.4   45s
 1421822 220523    0.04949   39   60    0.04654    0.05488  17.9%  35.9  160s

Cutting planes:
  Gomory: 12
  Implied bound: 21
  MIR: 6
  Flow cover: 69
  Inf proof: 175
  RLT: 163
  Relax-and-lift: 34

Explored 292515 nodes (9493910 simplex iterations) in 47.13 seconds (64.21 work units)
Thread count was 10 (of 10 available processors)

Solution count 1: 0.0465374 

Solve interrupted
Best objective 4.653741958254e-02, best bound 5.487599917090e-02, gap 17.9180%
 1474897 228524    0.05044   46   62    0.04654    0.05488  17.9%  36.0  165s
 1522206 236589    0.04666   39   54    0.04654    0.05488  17.9%  36.0  170s

Gurobi 12.0.3 (mac64[arm]) logging started Thu Aug 27 13:27:40 2026

Set parameter LogFile to value "n10-lifted-global-search.log"
Gurobi Optimizer version 12.0.3 build v12.0.3rc0 (mac64[arm] - Darwin 25.2.0 25C56)

CPU model: Apple M5
Thread count: 10 physical cores, 10 logical processors, using up to 10 threads

Non-default parameters:
TimeLimit  600
MIPFocus  2
NonConvex  2

Optimize a model with 445 rows, 172 columns and 1546 nonzeros
Model fingerprint: 0x063cefc3
Model has 156 quadratic constraints
Variable types: 67 continuous, 105 integer (105 binary)
Coefficient statistics:
  Matrix range     [5e-01, 2e+00]
  QMatrix range    [1e+00, 1e+00]
  QLMatrix range   [5e-01, 1e+00]
  Objective range  [1e+00, 1e+00]
  Bounds range     [5e-02, 1e+00]
  RHS range        [5e-01, 2e+00]
  QRHS range       [5e-01, 5e-01]

User MIP start did not produce a new incumbent solution

Presolve added 113 rows and 0 columns
Presolve time: 0.00s
Presolved: 762 rows, 173 columns, 3230 nonzeros
Presolved model has 51 bilinear constraint(s)

Solving non-convex MIQCP

Variable types: 68 continuous, 105 integer (105 binary)
Root relaxation presolve removed 146 rows and 1 columns
Root relaxation presolved: 616 rows, 317 columns, 2792 nonzeros


Root relaxation: objective 5.487600e-02, 144 iterations, 0.00 seconds (0.00 work units)
Another try with MIP start

    Nodes    |    Current Node    |     Objective Bounds      |     Work
 Expl Unexpl |  Obj  Depth IntInf | Incumbent    BestBd   Gap | It/Node Time

     0     0    0.05488    0   51          -    0.05488      -     -    0s
     0     0    0.05488    0   45          -    0.05488      -     -    0s
     0     0    0.05488    0   48          -    0.05488      -     -    0s
     0     0    0.05488    0   54          -    0.05488      -     -    0s
     0     0    0.05488    0   54          -    0.05488      -     -    0s
     0     0    0.05488    0   51          -    0.05488      -     -    0s
     0     0    0.05488    0   51          -    0.05488      -     -    0s
     0     0    0.05488    0   51          -    0.05488      -     -    0s
     0     0    0.05488    0   51          -    0.05488      -     -    0s
     0     0    0.05488    0   51          -    0.05488      -     -    0s
     0     0    0.05488    0   51          -    0.05488      -     -    0s
     0     2    0.05488    0   51          -    0.05488      -     -    0s
 1565779 243570    0.04731   39   66    0.04654    0.05488  17.9%  35.9  175s
 18557  7892    0.05488   37   56          -    0.05488      -  38.0    5s
 1600244 249208    0.04943   35   56    0.04654    0.05488  17.9%  35.9  180s
 52335 18902 infeasible   56               -    0.05488      -  39.5   10s
 1624724 253421     cutoff   41         0.04654    0.05488  17.9%  35.9  185s
 86537 28226    0.05475   53   66          -    0.05488      -  40.9   15s
 1657536 258808    0.04894   43   58    0.04654    0.05488  17.9%  35.9  190s
 116609 36645 infeasible   52               -    0.05488      -  41.5   20s
 1678424 262169     cutoff   54         0.04654    0.05488  17.9%  35.9  195s
 151568 46212    0.05128   59   54          -    0.05488      -  41.7   25s
 1708554 265790    0.05338   41   64    0.04654    0.05488  17.9%  35.9  200s
 181005 53522    0.05274   44   60          -    0.05488      -  42.0   30s
 1727819 268473     cutoff   45         0.04654    0.05488  17.9%  35.9  205s
 215901 63112    0.05048   47   62          -    0.05488      -  41.8   35s
 1756572 272960    0.05488   45   51    0.04654    0.05488  17.9%  35.9  210s
 247083 70788    0.05301   46   56          -    0.05488      -  41.6   40s
 1781330 277109    0.05121   29   49    0.04654    0.05488  17.9%  35.9  215s
 281613 79435    0.05391   51   58          -    0.05488      -  41.7   45s
 1806027 280431    0.04999   41   51    0.04654    0.05488  17.9%  36.0  220s
 314120 87259    0.05167   45   53          -    0.05488      -  42.0   50s
 1830310 283437    0.05280   45   57    0.04654    0.05488  17.9%  36.0  225s
 343994 94922    0.05366   44   50          -    0.05488      -  42.3   55s
 1849175 285898    0.05134   63   57    0.04654    0.05488  17.9%  36.0  230s
 374191 101684    0.05231   41   74          -    0.05488      -  42.6   60s
 1877738 290083    0.04716   43   36    0.04654    0.05488  17.9%  36.0  235s
 408004 109518 infeasible   61               -    0.05488      -  42.5   65s
 1897451 293055     cutoff   38         0.04654    0.05488  17.9%  36.0  240s
 440123 118193 infeasible   48               -    0.05488      -  42.5   70s
 1927836 297581    0.04925   45   57    0.04654    0.05488  17.9%  36.1  245s
 471184 126845    0.05488   53   52          -    0.05488      -  42.7   75s
 1946923 299876    0.05299   52   60    0.04654    0.05488  17.9%  36.1  250s
 497740 132858 infeasible   56               -    0.05488      -  42.9   80s
 1976952 303547     cutoff   50         0.04654    0.05488  17.9%  36.1  255s
 530568 139502    0.05488   58   58          -    0.05488      -  43.1   85s
 1996857 306083     cutoff   52         0.04654    0.05488  17.9%  36.1  260s
 556045 144647    0.05488   55   54          -    0.05488      -  43.3   90s
 2027190 310996    0.05427   34   69    0.04654    0.05488  17.9%  36.1  265s
 585775 152432    0.05488   38   71          -    0.05488      -  43.5   95s
 2048238 314461    0.05373   41   70    0.04654    0.05488  17.9%  36.1  270s
 617677 161446    0.05026   47   59          -    0.05488      -  43.5  100s
 2079377 319123    0.04798   44   73    0.04654    0.05488  17.9%  36.1  275s
 645117 168569    0.05221   49   65          -    0.05488      -  43.5  105s
 2104381 322775    0.05488   49   49    0.04654    0.05488  17.9%  36.1  280s
 672787 174980    0.05340   47   72          -    0.05488      -  43.6  110s
 2128307 327462 infeasible   40         0.04654    0.05488  17.9%  36.1  285s
 703513 182763    0.05413   44   60          -    0.05488      -  43.7  115s
 2159969 333978    0.05488   56   58    0.04654    0.05488  17.9%  36.0  290s
 733583 190129    0.05483   56   60          -    0.05488      -  43.7  120s
 2180242 336966    0.05319   58   37    0.04654    0.05488  17.9%  36.0  295s
 762753 196910    0.05488   38   60          -    0.05488      -  43.7  125s
 2209263 340935    0.05291   44   57    0.04654    0.05488  17.9%  36.0  300s
 792449 203472    0.05025   43   67          -    0.05488      -  43.8  130s
 2229543 344131    0.05488   37   61    0.04654    0.05488  17.9%  36.1  305s
 819867 209996    0.05488   53   40          -    0.05488      -  43.9  135s
 2258700 349834     cutoff   34         0.04654    0.05488  17.9%  36.1  310s
 848792 216929    0.05488   38   77          -    0.05488      -  44.0  140s
 2282314 354187    0.05139   44   80    0.04654    0.05488  17.9%  36.1  315s
 876299 223947    0.05488   60   37          -    0.05488      -  44.1  145s
 2314736 358575    0.04844   52   52    0.04654    0.05488  17.9%  36.0  320s

Cutting planes:
  Gomory: 4
  Implied bound: 14
  MIR: 21
  Mixing: 1
  Flow cover: 78
  Inf proof: 215
  RLT: 193
  Relax-and-lift: 33

Explored 903811 nodes (39747478 simplex iterations) in 148.87 seconds (215.54 work units)
Thread count was 10 (of 10 available processors)

Solution count 0

Solve interrupted
Best objective -, best bound 5.487599917090e-02, gap -
 2347305 364204    0.04997   40   66    0.04654    0.05488  17.9%  36.0  325s
 2391782 371836     cutoff   51         0.04654    0.05488  17.9%  36.1  330s

Gurobi 12.0.3 (mac64[arm]) logging started Thu Aug 27 13:30:17 2026

Set parameter LogFile to value "n10-lifted-global-search.log"
Gurobi Optimizer version 12.0.3 build v12.0.3rc0 (mac64[arm] - Darwin 25.2.0 25C56)

CPU model: Apple M5
Thread count: 10 physical cores, 10 logical processors, using up to 10 threads

Non-default parameters:
TimeLimit  600
MIPFocus  2
NonConvex  2

Optimize a model with 445 rows, 172 columns and 1546 nonzeros
Model fingerprint: 0x1856c2dc
Model has 156 quadratic constraints
Variable types: 67 continuous, 105 integer (105 binary)
Coefficient statistics:
  Matrix range     [5e-01, 2e+00]
  QMatrix range    [1e+00, 1e+00]
  QLMatrix range   [5e-01, 1e+00]
  Objective range  [1e+00, 1e+00]
  Bounds range     [5e-02, 1e+00]
  RHS range        [5e-01, 2e+00]
  QRHS range       [5e-01, 5e-01]

Loaded user MIP start with objective 0.0465

Presolve removed 317 rows and 105 columns
Presolve time: 0.00s
Presolved: 332 rows, 68 columns, 1059 nonzeros
Presolved model has 51 bilinear constraint(s)

Solving non-convex MIQCP

Variable types: 68 continuous, 0 integer (0 binary)
Found heuristic solution: objective 0.0465374
Root relaxation presolve removed 1 rows and 1 columns
Root relaxation presolved: 331 rows, 67 columns, 1172 nonzeros


Root relaxation: objective 5.487600e-02, 107 iterations, 0.00 seconds (0.00 work units)

    Nodes    |    Current Node    |     Objective Bounds      |     Work
 Expl Unexpl |  Obj  Depth IntInf | Incumbent    BestBd   Gap | It/Node Time

     0     0    0.05488    0   51    0.04654    0.05488  17.9%     -    0s
     0     0    0.05488    0   51    0.04654    0.05488  17.9%     -    0s
     0     0    0.05488    0   51    0.04654    0.05488  17.9%     -    0s
     0     0    0.05488    0   51    0.04654    0.05488  17.9%     -    0s
     0     0    0.05488    0   51    0.04654    0.05488  17.9%     -    0s
     0     2    0.05488    0   51    0.04654    0.05488  17.9%     -    0s
H  106    56                       0.0465374    0.05488  17.9%  28.5    0s
* 1685    11              62       0.0465375    0.04657  0.06%  14.1    0s
* 1790    19              65       0.0465375    0.04654  0.01%  13.6    0s
* 1794    19              67       0.0465375    0.04654  0.01%  13.6    0s
* 1853    19              62       0.0465377    0.04654  0.01%  13.3    0s
* 1877    19              63       0.0465377    0.04654  0.01%  13.2    0s

Cutting planes:
  RLT: 48

Explored 1878 nodes (24940 simplex iterations) in 0.41 seconds (0.24 work units)
Thread count was 10 (of 10 available processors)

Solution count 5: 0.0465377 0.0465375 0.0465375 ... 0.0465374

Optimal solution found (tolerance 1.00e-04)
Best objective 4.653770899193e-02, best bound 4.654047218730e-02, gap 0.0059%
 2437030 378687    0.05488   34   45    0.04654    0.05488  17.9%  36.1  335s
 2490259 386954    0.04808   45   43    0.04654    0.05488  17.9%  36.1  340s
 2536095 392934     cutoff   40         0.04654    0.05488  17.9%  36.1  345s

Gurobi 12.0.3 (mac64[arm]) logging started Thu Aug 27 13:30:34 2026

Set parameter LogFile to value "n10-lifted-global-search.log"
Gurobi Optimizer version 12.0.3 build v12.0.3rc0 (mac64[arm] - Darwin 25.2.0 25C56)

CPU model: Apple M5
Thread count: 10 physical cores, 10 logical processors, using up to 10 threads

Non-default parameters:
TimeLimit  600
FeasibilityTol  1e-09
MIPGap  1e-10
OptimalityTol  1e-09
MIPFocus  2
NonConvex  2
NumericFocus  3

Optimize a model with 445 rows, 172 columns and 1546 nonzeros
Model fingerprint: 0x1856c2dc
Model has 156 quadratic constraints
Variable types: 67 continuous, 105 integer (105 binary)
Coefficient statistics:
  Matrix range     [5e-01, 2e+00]
  QMatrix range    [1e+00, 1e+00]
  QLMatrix range   [5e-01, 1e+00]
  Objective range  [1e+00, 1e+00]
  Bounds range     [5e-02, 1e+00]
  RHS range        [5e-01, 2e+00]
  QRHS range       [5e-01, 5e-01]

Loaded user MIP start with objective 0.0465

Presolve removed 317 rows and 105 columns
Presolve time: 0.00s
Presolved: 332 rows, 68 columns, 1059 nonzeros
Presolved model has 51 bilinear constraint(s)

Solving non-convex MIQCP

Variable types: 68 continuous, 0 integer (0 binary)
Found heuristic solution: objective 0.0465374
Root relaxation presolve removed 1 rows and 1 columns
Root relaxation presolved: 331 rows, 67 columns, 1172 nonzeros


Root relaxation: objective 5.487600e-02, 103 iterations, 0.00 seconds (0.00 work units)

    Nodes    |    Current Node    |     Objective Bounds      |     Work
 Expl Unexpl |  Obj  Depth IntInf | Incumbent    BestBd   Gap | It/Node Time

     0     0    0.05488    0   51    0.04654    0.05488  17.9%     -    0s
     0     2    0.05488    0   51    0.04654    0.05488  17.9%     -    0s
H  671   482                       0.0465374    0.05488  17.9%  15.9    0s
H  947   556                       0.0465374    0.05488  17.9%  16.2    0s
H  977   556                       0.0465374    0.05488  17.9%  16.3    0s
* 7200   851             211       0.0465374    0.04654  0.00%  18.5    1s
* 7274   770             215       0.0465374    0.04654  0.00%  18.4    1s
* 7437   641             211       0.0465374    0.04654  0.00%  18.2    1s
* 7457   583             210       0.0465374    0.04654  0.00%  18.2    1s
* 7494   523             209       0.0465374    0.04654  0.00%  18.1    1s
* 7534   464             212       0.0465374    0.04654  0.00%  18.1    1s
* 7704   315             218       0.0465374    0.04654  0.00%  17.9    1s

Explored 7744 nodes (138444 simplex iterations) in 1.81 seconds (2.40 work units)
Thread count was 10 (of 10 available processors)

Solution count 4: 0.0465374 0.0465374 0.0465374 0.0465374 
No other solutions better than 0.0465374

Optimal solution found (tolerance 1.00e-10)
Best objective 4.653741973037e-02, best bound 4.653741973037e-02, gap 0.0000%
 2577130 399987    0.05488   57   50    0.04654    0.05488  17.9%  36.1  350s
 2624968 408603    0.04757   45   60    0.04654    0.05488  17.9%  36.1  355s
 2670803 415769    0.04737   41   64    0.04654    0.05488  17.9%  36.1  360s
 2716299 424199    0.05020   36   49    0.04654    0.05488  17.9%  36.1  365s
 2762237 431879    0.05488   37   59    0.04654    0.05488  17.9%  36.1  370s
 2811196 440885    0.04702   35   68    0.04654    0.05488  17.9%  36.1  375s
 2866299 448918    0.04888   47   63    0.04654    0.05488  17.9%  36.1  380s
 2918298 455099    0.05134   49   31    0.04654    0.05488  17.9%  36.1  385s
 2958987 460267     cutoff   49         0.04654    0.05488  17.9%  36.1  390s
 3015422 467340    0.05488   36   41    0.04654    0.05488  17.9%  36.1  395s
 3063556 473466    0.05427   39   57    0.04654    0.05488  17.9%  36.1  400s
 3110148 480004    0.05488   38   47    0.04654    0.05488  17.9%  36.1  405s
 3151781 486251 infeasible   46         0.04654    0.05488  17.9%  36.2  410s
 3194162 492829    0.04810   43   64    0.04654    0.05488  17.9%  36.2  415s

Gurobi 12.0.3 (mac64[arm]) logging started Thu Aug 27 13:31:45 2026

Set parameter LogFile to value "n10-lifted-global-search.log"
Gurobi Optimizer version 12.0.3 build v12.0.3rc0 (mac64[arm] - Darwin 25.2.0 25C56)

CPU model: Apple M5
Thread count: 10 physical cores, 10 logical processors, using up to 10 threads

Non-default parameters:
TimeLimit  5400
MIPFocus  2
NonConvex  2

Optimize a model with 445 rows, 172 columns and 1546 nonzeros
Model fingerprint: 0x82c7abfe
Model has 156 quadratic constraints
Variable types: 67 continuous, 105 integer (105 binary)
Coefficient statistics:
  Matrix range     [5e-01, 2e+00]
  QMatrix range    [1e+00, 1e+00]
  QLMatrix range   [5e-01, 1e+00]
  Objective range  [1e+00, 1e+00]
  Bounds range     [5e-02, 1e+00]
  RHS range        [5e-01, 2e+00]
  QRHS range       [5e-01, 5e-01]

Loaded user MIP start with objective 0.0465

Presolve added 113 rows and 0 columns
Presolve time: 0.00s
Presolved: 762 rows, 173 columns, 3114 nonzeros
Presolved model has 51 bilinear constraint(s)

Solving non-convex MIQCP

Variable types: 68 continuous, 105 integer (105 binary)
Root relaxation presolve removed 146 rows and 1 columns
Root relaxation presolved: 616 rows, 317 columns, 2792 nonzeros


Root relaxation: objective 5.487600e-02, 141 iterations, 0.00 seconds (0.00 work units)

    Nodes    |    Current Node    |     Objective Bounds      |     Work
 Expl Unexpl |  Obj  Depth IntInf | Incumbent    BestBd   Gap | It/Node Time

     0     0    0.05488    0   51    0.04650    0.05488  18.0%     -    0s
H    0     0                       0.0465374    0.05488  17.9%     -    0s
     0     0    0.05488    0   53    0.04654    0.05488  17.9%     -    0s
     0     0    0.05488    0   51    0.04654    0.05488  17.9%     -    0s
     0     0    0.05488    0   51    0.04654    0.05488  17.9%     -    0s
     0     0    0.05488    0   51    0.04654    0.05488  17.9%     -    0s
     0     0    0.05488    0   51    0.04654    0.05488  17.9%     -    0s
     0     0    0.05488    0   51    0.04654    0.05488  17.9%     -    0s
     0     0    0.05488    0   51    0.04654    0.05488  17.9%     -    0s
     0     2    0.05488    0   51    0.04654    0.05488  17.9%     -    0s
 3238170 497991 infeasible   49         0.04654    0.05488  17.9%  36.2  420s
 16970  4383    0.04976   63   52    0.04654    0.05488  17.9%  34.0    5s
 3260648 500714    0.05328   51   64    0.04654    0.05488  17.9%  36.2  425s
 46716  9018 infeasible   48         0.04654    0.05488  17.9%  33.9   10s
 3287564 503795    0.05310   51   55    0.04654    0.05488  17.9%  36.2  430s
 73926 13471     cutoff   49         0.04654    0.05488  17.9%  34.6   15s
 3309912 506883     cutoff   50         0.04654    0.05488  17.9%  36.2  435s
 104332 19666    0.05180   38   60    0.04654    0.05488  17.9%  34.5   20s
 3333765 509672     cutoff   61         0.04654    0.05488  17.9%  36.2  440s
 142744 26531    0.04856   52   56    0.04654    0.05488  17.9%  33.4   25s
 3356152 512442    0.04921   56   56    0.04654    0.05488  17.9%  36.2  445s
 173669 32408    0.05488   53   51    0.04654    0.05488  17.9%  33.1   30s
 3382589 516316    0.04726   63   54    0.04654    0.05488  17.9%  36.2  450s
 204896 37740    0.05070   40   54    0.04654    0.05488  17.9%  33.0   35s
 3401173 518145    0.05170   53   70    0.04654    0.05488  17.9%  36.1  455s
 236866 43314    0.04766   39   52    0.04654    0.05488  17.9%  32.6   40s
 3428542 521388    0.04902   56   54    0.04654    0.05488  17.9%  36.1  460s
 268646 48816     cutoff   53         0.04654    0.05488  17.9%  32.4   45s
 3446221 523256     cutoff   56         0.04654    0.05488  17.9%  36.1  465s
 300976 53573     cutoff   42         0.04654    0.05488  17.9%  32.5   50s
 3473417 526553    0.05488   39   38    0.04654    0.05488  17.9%  36.1  470s
 335335 58941     cutoff   41         0.04654    0.05488  17.9%  32.4   55s
 3494247 529302    0.04909   56   54    0.04654    0.05488  17.9%  36.2  475s
 364084 63547    0.05488   28   51    0.04654    0.05488  17.9%  32.5   60s
 3519205 532978    0.04952   42   50    0.04654    0.05488  17.9%  36.2  480s
 390250 67353     cutoff   51         0.04654    0.05488  17.9%  32.5   65s
 3545380 537084    0.05488   49   51    0.04654    0.05488  17.9%  36.2  485s
 425061 71740    0.04696   43   60    0.04654    0.05488  17.9%  32.5   70s
 3564238 540202    0.05079   53   56    0.04654    0.05488  17.9%  36.2  490s
 454226 74930 infeasible   46         0.04654    0.05488  17.9%  32.5   75s
 3590814 544156    0.04994   49   61    0.04654    0.05488  17.9%  36.2  495s
 481991 78689    0.05128   54   56    0.04654    0.05488  17.9%  32.6   80s
 3608444 546518    0.04929   43   57    0.04654    0.05488  17.9%  36.2  500s
 515146 84247    0.05488   48   49    0.04654    0.05488  17.9%  32.6   85s
 3637873 550721     cutoff   45         0.04654    0.05488  17.9%  36.2  505s
 541745 87840     cutoff   55         0.04654    0.05488  17.9%  32.6   90s
 3662188 554617     cutoff   41         0.04654    0.05488  17.9%  36.2  510s
 568905 92798     cutoff   45         0.04654    0.05488  17.9%  32.6   95s
 3678844 557572     cutoff   47         0.04654    0.05488  17.9%  36.2  515s
 605682 99108    0.05409   35   55    0.04654    0.05488  17.9%  32.5  100s
 3708659 562435    0.05164   42   52    0.04654    0.05488  17.9%  36.2  520s
 635723 104759     cutoff   47         0.04654    0.05488  17.9%  32.4  105s
 3727129 564964    0.05488   48   39    0.04654    0.05488  17.9%  36.2  525s
 665026 109710    0.04844   40   63    0.04654    0.05488  17.9%  32.3  110s
 3753739 568270    0.05133   55   56    0.04654    0.05488  17.9%  36.2  530s
 695092 114421    0.05087   38   58    0.04654    0.05488  17.9%  32.2  115s
 3772315 570522 infeasible   51         0.04654    0.05488  17.9%  36.3  535s
 730566 120045    0.05435   43   55    0.04654    0.05488  17.9%  32.2  120s
 3799541 574515    0.05488   45   50    0.04654    0.05488  17.9%  36.3  540s
 756502 124330    0.04912   48   67    0.04654    0.05488  17.9%  32.2  125s
 3819228 577373    0.05365   33   64    0.04654    0.05488  17.9%  36.3  545s
 781253 128208     cutoff   56         0.04654    0.05488  17.9%  32.1  130s
 3845724 581060     cutoff   53         0.04654    0.05488  17.9%  36.3  550s
 818526 133154    0.05488   54   36    0.04654    0.05488  17.9%  32.1  135s
 3874729 585032    0.04789   52   56    0.04654    0.05488  17.9%  36.3  555s
 849518 137124    0.05488   46   46    0.04654    0.05488  17.9%  32.0  140s
 3890648 587815 infeasible   43         0.04654    0.05488  17.9%  36.3  560s
 877674 140816     cutoff   61         0.04654    0.05488  17.9%  32.0  145s
 3919954 593763    0.05081   36   49    0.04654    0.05488  17.9%  36.3  565s
 906815 144361     cutoff   60         0.04654    0.05488  17.9%  32.0  150s
 3945230 597951    0.04955   57   56    0.04654    0.05488  17.9%  36.3  570s
 937944 148749    0.05028   60   55    0.04654    0.05488  17.9%  32.0  155s
 3964153 600951    0.05488   35   45    0.04654    0.05488  17.9%  36.3  575s
 969834 153582    0.04673   42   63    0.04654    0.05488  17.9%  32.1  160s
 3992664 605504     cutoff   50         0.04654    0.05488  17.9%  36.3  580s
 997364 158292     cutoff   45         0.04654    0.05488  17.9%  32.1  165s
 4011655 608423    0.05089   41   62    0.04654    0.05488  17.9%  36.3  585s
 1027581 162517    0.05095   56   65    0.04654    0.05488  17.9%  32.1  170s
 4038726 612741 infeasible   44         0.04654    0.05488  17.9%  36.3  590s
 1061262 167329     cutoff   52         0.04654    0.05488  17.9%  32.1  175s
 4057992 615708     cutoff   53         0.04654    0.05488  17.9%  36.3  595s
 1087188 171841    0.04725   44   52    0.04654    0.05488  17.9%  32.1  180s
 4085012 619589    0.04792   51   59    0.04654    0.05488  17.9%  36.3  600s
 1118481 176438    0.05235   41   61    0.04654    0.05488  17.9%  32.1  185s
 4104700 621926     cutoff   52         0.04654    0.05488  17.9%  36.3  605s
 1145807 180545    0.04915   57   53    0.04654    0.05488  17.9%  32.0  190s
 4128974 625536    0.05109   47   52    0.04654    0.05488  17.9%  36.3  610s
 1173144 184785    0.04943   38   68    0.04654    0.05488  17.9%  32.0  195s
 4156145 629255    0.05028   45   54    0.04654    0.05488  17.9%  36.4  615s
 1203390 189715    0.05337   50   59    0.04654    0.05488  17.9%  32.1  200s
 4173451 631577     cutoff   48         0.04654    0.05488  17.9%  36.4  620s
 1230270 194407    0.04989   49   52    0.04654    0.05488  17.9%  32.1  205s
 4198801 634621    0.04805   58   57    0.04654    0.05488  17.9%  36.4  625s
 1264620 199902    0.04861   32   53    0.04654    0.05488  17.9%  32.1  210s
 4217198 636947    0.04817   38   64    0.04654    0.05488  17.9%  36.4  630s
 1290338 205211    0.05488   41   51    0.04654    0.05488  17.9%  32.1  215s
 4243876 640500     cutoff   52         0.04654    0.05488  17.9%  36.4  635s
 1318032 210736    0.05488   39   70    0.04654    0.05488  17.9%  32.1  220s
 4261124 643226    0.05488   37   60    0.04654    0.05488  17.9%  36.4  640s
 1352237 217771    0.05077   47   56    0.04654    0.05488  17.9%  32.1  225s
 4288378 647163    0.04765   49   58    0.04654    0.05488  17.9%  36.4  645s
 1377448 222709    0.05246   46   64    0.04654    0.05488  17.9%  32.1  230s
 4311630 650227    0.05488   43   52    0.04654    0.05488  17.9%  36.4  650s
 1405463 227491    0.04989   40   59    0.04654    0.05488  17.9%  32.1  235s
 4331194 652625    0.04717   49   50    0.04654    0.05488  17.9%  36.4  655s
 1437063 234840    0.04827   52   57    0.04654    0.05488  17.9%  32.1  240s
 4357952 655626     cutoff   44         0.04654    0.05488  17.9%  36.5  660s
 1462239 240548    0.05427   43   62    0.04654    0.05488  17.9%  32.1  245s
 4372780 657250    0.05222   37   54    0.04654    0.05488  17.9%  36.5  665s
 1496490 247831    0.04754   52   58    0.04654    0.05488  17.9%  32.1  250s
 4400069 660857    0.05063   48   62    0.04654    0.05488  17.9%  36.5  670s
 1522917 252673    0.05488   43   55    0.04654    0.05488  17.9%  32.1  255s
 4425662 663384     cutoff   45         0.04654    0.05488  17.9%  36.5  675s
 1555760 257657    0.04994   55   59    0.04654    0.05488  17.9%  32.1  260s
 4443982 665475    0.05488   42   39    0.04654    0.05488  17.9%  36.5  680s
 1585490 262767    0.05458   46   62    0.04654    0.05488  17.9%  32.2  265s
 4471105 669187    0.04875   33   40    0.04654    0.05488  17.9%  36.5  685s
 1613172 267322    0.04711   46   49    0.04654    0.05488  17.9%  32.2  270s
 4487659 672093    0.05488   35   53    0.04654    0.05488  17.9%  36.5  690s
 1648651 273738    0.04694   43   51    0.04654    0.05488  17.9%  32.2  275s
 4515604 677699    0.05488   29   50    0.04654    0.05488  17.9%  36.5  695s
 1676056 279006     cutoff   51         0.04654    0.05488  17.9%  32.2  280s
 4544087 682392    0.05111   40   73    0.04654    0.05488  17.9%  36.5  700s
 1701356 283608    0.05460   43   67    0.04654    0.05488  17.9%  32.2  285s
 4568132 685774    0.05128   47   63    0.04654    0.05488  17.9%  36.5  705s
 1736476 289739    0.04771   51   54    0.04654    0.05488  17.9%  32.2  290s
 4587225 688249    0.05488   33   51    0.04654    0.05488  17.9%  36.5  710s
 1762448 294057     cutoff   54         0.04654    0.05488  17.9%  32.2  295s
 4612918 691951     cutoff   58         0.04654    0.05488  17.9%  36.5  715s
 1797122 300411     cutoff   53         0.04654    0.05488  17.9%  32.2  300s
 4641964 695262    0.05147   43   50    0.04654    0.05488  17.9%  36.6  720s
 1825167 305265    0.05440   46   57    0.04654    0.05488  17.9%  32.2  305s
 4657264 697473    0.05469   38   52    0.04654    0.05488  17.9%  36.6  725s
 1850795 309909    0.05338   60   61    0.04654    0.05488  17.9%  32.2  310s
 4686373 701256 infeasible   51         0.04654    0.05488  17.9%  36.6  730s
 1888424 316322    0.05096   45   55    0.04654    0.05488  17.9%  32.2  315s
 4705502 704220    0.04893   45   64    0.04654    0.05488  17.9%  36.6  735s
 1914016 321466     cutoff   57         0.04654    0.05488  17.9%  32.2  320s
 4726343 707400    0.05079   44   63    0.04654    0.05488  17.9%  36.6  740s
 1944786 326934     cutoff   46         0.04654    0.05488  17.9%  32.2  325s
 4752654 711001 infeasible   38         0.04654    0.05488  17.9%  36.6  745s
 1973594 333223    0.05253   46   63    0.04654    0.05488  17.9%  32.2  330s
 4767929 713439     cutoff   45         0.04654    0.05488  17.9%  36.6  750s
 1998248 338183    0.05392   42   59    0.04654    0.05488  17.9%  32.2  335s
 4793769 717245    0.04809   37   60    0.04654    0.05488  17.9%  36.6  755s
 2032886 344625    0.05488   37   63    0.04654    0.05488  17.9%  32.1  340s
 4818649 720366    0.04810   45   56    0.04654    0.05488  17.9%  36.7  760s
 2057418 349536     cutoff   40         0.04654    0.05488  17.9%  32.1  345s
 4836445 722776    0.05412   40   51    0.04654    0.05488  17.9%  36.7  765s
 2091014 355897    0.04775   43   63    0.04654    0.05488  17.9%  32.1  350s
 4862191 726013    0.04844   48   63    0.04654    0.05488  17.9%  36.7  770s
 2111960 359881 infeasible   42         0.04654    0.05488  17.9%  32.1  355s
 4876764 728057    0.05488   44   32    0.04654    0.05488  17.9%  36.7  775s
 2141221 364776    0.04737   41   47    0.04654    0.05488  17.9%  32.1  360s
 4902784 731348    0.05109   43   50    0.04654    0.05488  17.9%  36.7  780s
 2171344 370300    0.05154   44   51    0.04654    0.05488  17.9%  32.1  365s
 4918604 733241    0.05125   43   63    0.04654    0.05488  17.9%  36.7  785s
 2195376 375000     cutoff   48         0.04654    0.05488  17.9%  32.1  370s
 4943748 736333    0.05488   42   56    0.04654    0.05488  17.9%  36.7  790s
 2228196 381459     cutoff   43         0.04654    0.05488  17.9%  32.1  375s
 4966741 738833     cutoff   58         0.04654    0.05488  17.9%  36.7  795s
 2253555 385371    0.04935   49   59    0.04654    0.05488  17.9%  32.1  380s
 4984903 741762    0.04932   46   55    0.04654    0.05488  17.9%  36.7  800s
 2278439 389293    0.05488   49   40    0.04654    0.05488  17.9%  32.1  385s
 5012070 745870    0.04985   49   54    0.04654    0.05488  17.9%  36.7  805s
 2311499 394818    0.05488   45   66    0.04654    0.05488  17.9%  32.1  390s
 5028937 748155 infeasible   44         0.04654    0.05488  17.9%  36.7  810s
 2338270 399417     cutoff   58         0.04654    0.05488  17.9%  32.1  395s
 5055733 751924    0.05414   46   61    0.04654    0.05488  17.9%  36.7  815s
 2361907 402985    0.04680   50   57    0.04654    0.05488  17.9%  32.1  400s
 5074392 754371    0.04741   58   47    0.04654    0.05488  17.9%  36.7  820s
 2392239 408354     cutoff   47         0.04654    0.05488  17.9%  32.1  405s
 5096495 757541    0.05008   50   62    0.04654    0.05488  17.9%  36.7  825s
 2416727 413679     cutoff   47         0.04654    0.05488  17.9%  32.1  410s
 5122490 761342    0.05488   48   40    0.04654    0.05488  17.9%  36.7  830s
 2450923 419938    0.04660   56   49    0.04654    0.05488  17.9%  32.1  415s
 5145195 764339    0.05179   36   59    0.04654    0.05488  17.9%  36.7  835s
 2473146 423250    0.05488   42   40    0.04654    0.05488  17.9%  32.1  420s
 5164468 767548    0.04743   40   60    0.04654    0.05488  17.9%  36.7  840s
 2505457 428053    0.05488   41   33    0.04654    0.05488  17.9%  32.1  425s
 5190502 771499    0.05210   40   57    0.04654    0.05488  17.9%  36.7  845s
 2529064 431564    0.05231   46   54    0.04654    0.05488  17.9%  32.1  430s
 5206577 774099    0.04703   50   60    0.04654    0.05488  17.9%  36.8  850s
 2559095 436712    0.05488   28   39    0.04654    0.05488  17.9%  32.2  435s
 5233575 777877     cutoff   51         0.04654    0.05488  17.9%  36.8  855s
 2581170 441015    0.05488   40   45    0.04654    0.05488  17.9%  32.2  440s
 5254184 780883     cutoff   50         0.04654    0.05488  17.9%  36.8  860s
 2607413 445516    0.05488   41   44    0.04654    0.05488  17.9%  32.2  445s
 5278370 785618    0.05488   28   58    0.04654    0.05488  17.9%  36.8  865s
 2635386 450090    0.05024   50   52    0.04654    0.05488  17.9%  32.2  450s
 5302158 789602    0.05272   46   63    0.04654    0.05488  17.9%  36.8  870s
 2657306 453326    0.05488   47   60    0.04654    0.05488  17.9%  32.1  455s
 5320903 792621    0.05002   38   48    0.04654    0.05488  17.9%  36.8  875s
 2690231 457877    0.05488   46   64    0.04654    0.05488  17.9%  32.1  460s
 5347316 796085    0.05130   35   57    0.04654    0.05488  17.9%  36.8  880s
 2715434 461389     cutoff   47         0.04654    0.05488  17.9%  32.1  465s
 5363631 798530    0.05473   41   47    0.04654    0.05488  17.9%  36.8  885s
 2743525 465347     cutoff   57         0.04654    0.05488  17.9%  32.1  470s
 5390653 802191    0.05190   31   43    0.04654    0.05488  17.9%  36.8  890s
 2770406 469074    0.04807   55   45    0.04654    0.05488  17.9%  32.1  475s
 5408131 804208     cutoff   44         0.04654    0.05488  17.9%  36.8  895s
 2795761 472540    0.04680   54   57    0.04654    0.05488  17.9%  32.1  480s
 5433834 808277     cutoff   45         0.04654    0.05488  17.9%  36.8  900s
 2824162 476875     cutoff   51         0.04654    0.05488  17.9%  32.1  485s
 5450716 810814    0.05214   51   63    0.04654    0.05488  17.9%  36.8  905s
 2849371 481051    0.04691   52   47    0.04654    0.05488  17.9%  32.1  490s
 5476028 814353     cutoff   36         0.04654    0.05488  17.9%  36.8  910s
 2872566 484693    0.05184   53   47    0.04654    0.05488  17.9%  32.1  495s
 5498888 817780    0.04810   42   60    0.04654    0.05488  17.9%  36.8  915s
 2904485 488790     cutoff   56         0.04654    0.05488  17.9%  32.1  500s
 5513017 819553     cutoff   39         0.04654    0.05488  17.9%  36.8  920s
 2928124 491678    0.05171   54   59    0.04654    0.05488  17.9%  32.0  505s
 5537640 821949    0.05107   49   55    0.04654    0.05488  17.9%  36.8  925s
 2958561 495832    0.04764   56   52    0.04654    0.05488  17.9%  32.0  510s
 5552851 823567    0.05488   48   49    0.04654    0.05488  17.9%  36.8  930s
 2986278 499167 infeasible   53         0.04654    0.05488  17.9%  32.0  515s
 5576583 826002    0.05488   42   58    0.04654    0.05488  17.9%  36.8  935s
 3011730 502837    0.04886   47   56    0.04654    0.05488  17.9%  32.0  520s
 5596256 828095    0.05209   51   57    0.04654    0.05488  17.9%  36.9  940s
 3044287 506825     cutoff   67         0.04654    0.05488  17.9%  32.0  525s
 5616147 829958    0.05488   38   38    0.04654    0.05488  17.9%  36.9  945s
 3067241 509447    0.04967   54   47    0.04654    0.05488  17.9%  32.0  530s
 5640241 831988     cutoff   44         0.04654    0.05488  17.9%  36.9  950s
 3091034 512146    0.04729   52   49    0.04654    0.05488  17.9%  32.0  535s
 5656949 833571    0.04864   43   64    0.04654    0.05488  17.9%  36.9  955s
 3122119 516359    0.04666   56   53    0.04654    0.05488  17.9%  32.0  540s
 5680000 835805    0.05087   52   53    0.04654    0.05488  17.9%  36.9  960s
 3146521 519845    0.04682   56   52    0.04654    0.05488  17.9%  31.9  545s
 5696022 837450     cutoff   48         0.04654    0.05488  17.9%  36.9  965s
 3177260 523351    0.04963   59   54    0.04654    0.05488  17.9%  31.9  550s
 5722370 839904     cutoff   46         0.04654    0.05488  17.9%  36.9  970s
 3202019 525712    0.04835   47   57    0.04654    0.05488  17.9%  31.9  555s
 5737220 841429    0.04978   54   47    0.04654    0.05488  17.9%  36.9  975s
 3225371 528864    0.05276   55   50    0.04654    0.05488  17.9%  31.9  560s
 5759214 844124    0.05488   48   34    0.04654    0.05488  17.9%  36.9  980s
 3256361 533181    0.05074   48   60    0.04654    0.05488  17.9%  31.9  565s
 5776774 845898    0.05488   36   62    0.04654    0.05488  17.9%  36.9  985s
 3279252 536184    0.05459   53   54    0.04654    0.05488  17.9%  31.9  570s
 5800100 848538    0.04852   54   58    0.04654    0.05488  17.9%  36.9  990s
 3308098 539894    0.05488   36   57    0.04654    0.05488  17.9%  31.9  575s
 5821974 850524     cutoff   43         0.04654    0.05488  17.9%  36.9  995s
 3331501 543130    0.05488   40   40    0.04654    0.05488  17.9%  31.9  580s
 5841229 852745    0.05270   47   51    0.04654    0.05488  17.9%  36.9 1000s
 3351658 545967    0.05488   45   53    0.04654    0.05488  17.9%  31.9  585s
 5867387 856310    0.04982   55   57    0.04654    0.05488  17.9%  36.9 1005s
 3376724 549761    0.05153   48   57    0.04654    0.05488  17.9%  31.9  590s
 5882686 858007    0.05390   48   51    0.04654    0.05488  17.9%  36.9 1010s
 3397174 552407     cutoff   52         0.04654    0.05488  17.9%  31.9  595s
 5908264 860734     cutoff   50         0.04654    0.05488  17.9%  36.9 1015s
 3425391 556045     cutoff   37         0.04654    0.05488  17.9%  31.9  600s
 5924076 862100    0.05488   46   41    0.04654    0.05488  17.9%  37.0 1020s
 3447435 559294    0.05042   38   53    0.04654    0.05488  17.9%  32.0  605s
 5950531 864558    0.05488   41   49    0.04654    0.05488  17.9%  37.0 1025s
 3477556 564351    0.04889   53   41    0.04654    0.05488  17.9%  32.0  610s
 5963277 865990    0.05298   52   44    0.04654    0.05488  17.9%  37.0 1030s
 3498703 569022     cutoff   41         0.04654    0.05488  17.9%  32.0  615s
 5986407 868469     cutoff   52         0.04654    0.05488  17.9%  37.0 1035s
 3528243 575133    0.04829   45   55    0.04654    0.05488  17.9%  32.0  620s
 6005948 870270    0.05252   38   54    0.04654    0.05488  17.9%  37.0 1040s
 3548962 578661    0.05361   48   62    0.04654    0.05488  17.9%  32.0  625s
 6024564 872207    0.05023   51   57    0.04654    0.05488  17.9%  37.0 1045s
 3579480 583464    0.04967   41   42    0.04654    0.05488  17.9%  32.0  630s
 6047443 874806     cutoff   42         0.04654    0.05488  17.9%  37.0 1050s
 3602042 586783    0.05214   49   59    0.04654    0.05488  17.9%  32.0  635s
 6064320 877316    0.05488   40   55    0.04654    0.05488  17.9%  37.0 1055s
 3626892 590491     cutoff   49         0.04654    0.05488  17.9%  32.0  640s
 6089087 880978    0.05488   37   32    0.04654    0.05488  17.9%  37.0 1060s
 3653821 594385     cutoff   49         0.04654    0.05488  17.9%  32.0  645s
 6099868 882571    0.05144   45   51    0.04654    0.05488  17.9%  37.0 1065s
 3674654 597523    0.05480   48   57    0.04654    0.05488  17.9%  32.0  650s
 6125180 886134    0.05488   46   54    0.04654    0.05488  17.9%  37.0 1070s
 3703733 602360 infeasible   45         0.04654    0.05488  17.9%  32.0  655s
 6143376 888301     cutoff   52         0.04654    0.05488  17.9%  37.0 1075s
 3723278 605491    0.04823   43   58    0.04654    0.05488  17.9%  32.0  660s
 6163788 890784     cutoff   59         0.04654    0.05488  17.9%  37.0 1080s
 3752649 609612    0.05488   42   60    0.04654    0.05488  17.9%  32.0  665s
 6187333 893292    0.04752   50   60    0.04654    0.05488  17.9%  37.0 1085s
 3774751 613047    0.05223   48   60    0.04654    0.05488  17.9%  32.0  670s
 6205027 895367    0.04703   48   65    0.04654    0.05488  17.9%  37.0 1090s
 3797109 616636     cutoff   43         0.04654    0.05488  17.9%  32.0  675s
 6228984 897479    0.05024   47   63    0.04654    0.05488  17.9%  37.0 1095s
 3825400 621319     cutoff   52         0.04654    0.05488  17.9%  32.1  680s
 6244203 899276    0.05240   42   76    0.04654    0.05488  17.9%  37.0 1100s
 3846809 624817     cutoff   46         0.04654    0.05488  17.9%  32.1  685s
 6269161 902202     cutoff   51         0.04654    0.05488  17.9%  37.1 1105s
 3862067 629226    0.05177   43   69    0.04654    0.05488  17.9%  32.1  690s
 6284957 904048    0.05004   55   62    0.04654    0.05488  17.9%  37.1 1110s
 3893742 632759    0.04673   58   58    0.04654    0.05488  17.9%  32.1  695s
 6307928 906957    0.04840   48   61    0.04654    0.05488  17.9%  37.1 1115s
 3911376 635224     cutoff   42         0.04654    0.05488  17.9%  32.1  700s
 6322564 908627     cutoff   48         0.04654    0.05488  17.9%  37.1 1120s
 3941196 639778    0.05092   42   55    0.04654    0.05488  17.9%  32.1  705s
 6347113 911370    0.05109   48   70    0.04654    0.05488  17.9%  37.1 1125s
 3960648 642894    0.05488   46   57    0.04654    0.05488  17.9%  32.1  710s
 6373667 914164    0.05488   35   34    0.04654    0.05488  17.9%  37.1 1130s
 3989826 647582     cutoff   55         0.04654    0.05488  17.9%  32.1  715s
 6389040 915993    0.05430   48   56    0.04654    0.05488  17.9%  37.1 1135s
 4010654 650969    0.04840   44   56    0.04654    0.05488  17.9%  32.1  720s
 6411840 918689    0.05488   46   54    0.04654    0.05488  17.9%  37.1 1140s
 4040672 655899    0.05488   51   55    0.04654    0.05488  17.9%  32.1  725s
 6426668 920229     cutoff   62         0.04654    0.05488  17.9%  37.1 1145s
 4063797 659587    0.05488   49   57    0.04654    0.05488  17.9%  32.1  730s
 6451507 923190    0.05028   43   51    0.04654    0.05488  17.9%  37.1 1150s
 4083780 662013    0.04935   47   50    0.04654    0.05488  17.9%  32.2  735s
 6467160 925387    0.04838   55   62    0.04654    0.05488  17.9%  37.1 1155s
 4111991 666268    0.05007   49   60    0.04654    0.05488  17.9%  32.2  740s
 6490373 928146     cutoff   55         0.04654    0.05488  17.9%  37.1 1160s
 4136111 669492    0.05398   51   57    0.04654    0.05488  17.9%  32.2  745s
 6509103 931076     cutoff   51         0.04654    0.05488  17.9%  37.1 1166s
 4159006 672459    0.05125   54   61    0.04654    0.05488  17.9%  32.2  750s
 6532979 932680     cutoff   53         0.04654    0.05488  17.9%  37.1 1170s
 4187268 676358    0.04730   46   55    0.04654    0.05488  17.9%  32.2  755s
 6554927 935102    0.04984   56   57    0.04654    0.05488  17.9%  37.1 1175s
 4208562 678993     cutoff   52         0.04654    0.05488  17.9%  32.2  760s
 6575098 937419     cutoff   45         0.04654    0.05488  17.9%  37.1 1180s
 4231022 682171     cutoff   53         0.04654    0.05488  17.9%  32.2  765s
 6600716 939888    0.05488   48   47    0.04654    0.05488  17.9%  37.1 1185s
 4256145 685841 infeasible   39         0.04654    0.05488  17.9%  32.3  770s
 6615486 941574    0.04698   51   50    0.04654    0.05488  17.9%  37.1 1190s
 4276034 688689     cutoff   50         0.04654    0.05488  17.9%  32.3  775s
 6639617 944782    0.04978   42   57    0.04654    0.05488  17.9%  37.1 1195s
 4302010 694379    0.04698   44   56    0.04654    0.05488  17.9%  32.3  780s
 6657560 946855    0.04721   44   63    0.04654    0.05488  17.9%  37.1 1200s
 4328942 699342    0.05488   49   56    0.04654    0.05488  17.9%  32.3  785s
 6680992 949375     cutoff   44         0.04654    0.05488  17.9%  37.1 1205s
 4349220 702727     cutoff   53         0.04654    0.05488  17.9%  32.3  790s
 6700771 951302    0.05488   38   45    0.04654    0.05488  17.9%  37.2 1210s
 4377102 706302    0.04909   46   54    0.04654    0.05488  17.9%  32.3  795s
 6716620 953013    0.05488   44   50    0.04654    0.05488  17.9%  37.2 1215s
 4399733 710921    0.05488   41   48    0.04654    0.05488  17.9%  32.3  800s
 6740539 955395    0.04890   47   43    0.04654    0.05488  17.9%  37.2 1220s
 4427119 715596    0.04958   40   45    0.04654    0.05488  17.9%  32.3  805s
 6755957 956923     cutoff   51         0.04654    0.05488  17.9%  37.2 1225s
 4453501 719796     cutoff   45         0.04654    0.05488  17.9%  32.3  810s
 6781452 959800    0.05488   49   52    0.04654    0.05488  17.9%  37.2 1230s
 4477804 723309     cutoff   46         0.04654    0.05488  17.9%  32.3  815s
 6800285 961788     cutoff   44         0.04654    0.05488  17.9%  37.2 1235s
 4502985 727980    0.05076   37   52    0.04654    0.05488  17.9%  32.3  820s
 6822258 964114    0.04920   47   63    0.04654    0.05488  17.9%  37.2 1240s
 4523227 732298    0.05014   45   46    0.04654    0.05488  17.9%  32.3  825s
 6846605 966826    0.05473   47   60    0.04654    0.05488  17.9%  37.2 1245s
 4548223 737552    0.04906   45   62    0.04654    0.05488  17.9%  32.3  830s
 6861247 968587    0.05015   58   53    0.04654    0.05488  17.9%  37.2 1250s
 4570007 740544    0.04900   48   55    0.04654    0.05488  17.9%  32.3  835s
 6883082 971409    0.05008   46   60    0.04654    0.05488  17.9%  37.2 1255s
 4594051 744051    0.05125   56   46    0.04654    0.05488  17.9%  32.3  840s
 6897022 973036    0.05274   51   58    0.04654    0.05488  17.9%  37.2 1260s
 4614288 746858     cutoff   48         0.04654    0.05488  17.9%  32.3  845s
 6920861 975423    0.05391   45   69    0.04654    0.05488  17.9%  37.2 1265s
 4644696 750285 infeasible   60         0.04654    0.05488  17.9%  32.3  850s
 6943017 977429    0.05488   40   39    0.04654    0.05488  17.9%  37.2 1270s
 4664107 752827    0.05488   49   43    0.04654    0.05488  17.9%  32.3  855s
 6958140 979078    0.05488   35   50    0.04654    0.05488  17.9%  37.2 1275s
 4692837 756965    0.05488   38   52    0.04654    0.05488  17.9%  32.4  860s
 6982273 981539 infeasible   42         0.04654    0.05488  17.9%  37.2 1280s
 4709364 759594     cutoff   47         0.04654    0.05488  17.9%  32.4  865s
 6997818 983059    0.05488   39   28    0.04654    0.05488  17.9%  37.2 1285s
 4735668 763946    0.05488   43   38    0.04654    0.05488  17.9%  32.4  870s
 7022697 985532    0.04820   51   47    0.04654    0.05488  17.9%  37.2 1290s
 4760430 767639     cutoff   41         0.04654    0.05488  17.9%  32.4  875s
 7047096 988210     cutoff   54         0.04654    0.05488  17.9%  37.2 1295s
 4777629 770395    0.05485   49   66    0.04654    0.05488  17.9%  32.4  880s
 7063025 990382    0.05020   45   51    0.04654    0.05488  17.9%  37.3 1300s
 4805468 774931     cutoff   45         0.04654    0.05488  17.9%  32.4  885s
 7085579 992851    0.04851   48   41    0.04654    0.05488  17.9%  37.3 1305s
 4822540 778709    0.05488   37   40    0.04654    0.05488  17.9%  32.4  890s
 7101643 994453    0.05488   56   48    0.04654    0.05488  17.9%  37.3 1310s
 4852038 784743    0.05360   42   49    0.04654    0.05488  17.9%  32.4  895s
 7124477 996297    0.05421   57   53    0.04654    0.05488  17.9%  37.3 1315s
 4873478 788880     cutoff   53         0.04654    0.05488  17.9%  32.4  900s
 7144594 997616     cutoff   44         0.04654    0.05488  17.9%  37.3 1320s
 4899082 793176    0.05488   56   63    0.04654    0.05488  17.9%  32.5  905s
 7161763 998872    0.05488   42   44    0.04654    0.05488  17.9%  37.3 1325s
 4926140 797618    0.05264   44   52    0.04654    0.05488  17.9%  32.5  910s
 7185763 1000944    0.05394   59   49    0.04654    0.05488  17.9%  37.3 1330s
 4944603 800915     cutoff   41         0.04654    0.05488  17.9%  32.5  915s
 7192981 1002253 infeasible   52         0.04654    0.05488  17.9%  37.3 1335s
 4973741 805461     cutoff   46         0.04654    0.05488  17.9%  32.5  920s
 7223820 1004162    0.05488   39   43    0.04654    0.05488  17.9%  37.3 1340s
 4993041 808085    0.05488   52   42    0.04654    0.05488  17.9%  32.5  925s
 7242664 1006932    0.05488   45   38    0.04654    0.05488  17.9%  37.3 1348s
 5022278 813052    0.05371   43   65    0.04654    0.05488  17.9%  32.5  930s
 7261214 1007886    0.05488   46   42    0.04654    0.05488  17.9%  37.3 1350s
 5040757 816921    0.04946   53   62    0.04654    0.05488  17.9%  32.5  935s
 7287961 1010995    0.05169   51   59    0.04654    0.05488  17.9%  37.3 1355s
 5070146 822722    0.04835   50   49    0.04654    0.05488  17.9%  32.5  940s
 7303005 1012820     cutoff   52         0.04654    0.05488  17.9%  37.3 1360s
 5088064 826224    0.04806   43   58    0.04654    0.05488  17.9%  32.5  945s
 7329101 1015705     cutoff   49         0.04654    0.05488  17.9%  37.3 1365s
 5118136 832083     cutoff   47         0.04654    0.05488  17.9%  32.5  950s
 7353544 1018544    0.05359   42   67    0.04654    0.05488  17.9%  37.3 1370s
 5137033 835406    0.04938   44   62    0.04654    0.05488  17.9%  32.5  955s
 7368538 1020288    0.04874   42   47    0.04654    0.05488  17.9%  37.3 1375s
 5162904 838784     cutoff   64         0.04654    0.05488  17.9%  32.5  960s
 7395749 1023743    0.04709   44   55    0.04654    0.05488  17.9%  37.3 1380s
 5183238 841177     cutoff   61         0.04654    0.05488  17.9%  32.5  965s
 7416397 1026666     cutoff   54         0.04654    0.05488  17.9%  37.3 1385s
 5207842 844448    0.05469   48   60    0.04654    0.05488  17.9%  32.5  970s
 7434959 1029015    0.05488   40   64    0.04654    0.05488  17.9%  37.3 1390s
 5225242 847844    0.05189   46   60    0.04654    0.05488  17.9%  32.5  976s
 7459543 1032134     cutoff   49         0.04654    0.05488  17.9%  37.3 1395s
 5254926 850643     cutoff   44         0.04654    0.05488  17.9%  32.5  980s
 7475054 1034037    0.05488   48   72    0.04654    0.05488  17.9%  37.3 1400s
 5273254 853071    0.05376   46   52    0.04654    0.05488  17.9%  32.5  985s
 7501414 1037366    0.04758   52   51    0.04654    0.05488  17.9%  37.3 1405s
 5301966 856922    0.05488   57   64    0.04654    0.05488  17.9%  32.5  990s
 7522386 1039686    0.05097   42   52    0.04654    0.05488  17.9%  37.3 1410s
 5322379 860014    0.04996   44   54    0.04654    0.05488  17.9%  32.5  995s
 7541197 1041856    0.04840   60   57    0.04654    0.05488  17.9%  37.3 1415s
 5350802 863977     cutoff   53         0.04654    0.05488  17.9%  32.5 1000s
 7567486 1044414     cutoff   55         0.04654    0.05488  17.9%  37.3 1420s
 5368974 866586     cutoff   54         0.04654    0.05488  17.9%  32.5 1005s
 7584529 1046159    0.05273   56   61    0.04654    0.05488  17.9%  37.3 1425s
 5397495 870646    0.05488   47   43    0.04654    0.05488  17.9%  32.5 1010s
 7606635 1048705     cutoff   61         0.04654    0.05488  17.9%  37.3 1430s
 5416130 872996     cutoff   51         0.04654    0.05488  17.9%  32.5 1015s
 7633824 1052058    0.05488   40   61    0.04654    0.05488  17.9%  37.3 1435s
 5441634 876298    0.04842   53   57    0.04654    0.05488  17.9%  32.5 1020s
 7647820 1053821    0.04801   53   67    0.04654    0.05488  17.9%  37.3 1440s
 5467240 880335    0.04822   49   53    0.04654    0.05488  17.9%  32.5 1025s
 7673405 1057895    0.05488   43   63    0.04654    0.05488  17.9%  37.3 1445s
 5488633 883296    0.05221   44   59    0.04654    0.05488  17.9%  32.5 1030s
 7699189 1062033    0.05463   33   42    0.04654    0.05488  17.9%  37.3 1450s
 5512651 886934 infeasible   40         0.04654    0.05488  17.9%  32.5 1035s
 7713317 1064250    0.05488   50   53    0.04654    0.05488  17.9%  37.3 1455s
 5534399 890953    0.05488   47   59    0.04654    0.05488  17.9%  32.5 1040s
 7738567 1067669    0.04777   49   52    0.04654    0.05488  17.9%  37.3 1460s
 5563515 895286    0.05028   47   54    0.04654    0.05488  17.9%  32.5 1045s
 7763647 1070929    0.05150   42   68    0.04654    0.05488  17.9%  37.3 1465s
 5582032 897957    0.05097   45   63    0.04654    0.05488  17.9%  32.5 1050s
 7779860 1073047    0.05488   46   37    0.04654    0.05488  17.9%  37.3 1470s
 5610715 902232    0.05436   41   63    0.04654    0.05488  17.9%  32.5 1055s
 7807222 1077350    0.05488   44   60    0.04654    0.05488  17.9%  37.3 1475s
 5630252 904840    0.05390   43   70    0.04654    0.05488  17.9%  32.5 1060s
 7824577 1079687    0.04814   49   57    0.04654    0.05488  17.9%  37.3 1480s
 5659725 908682    0.05488   52   61    0.04654    0.05488  17.9%  32.5 1065s
 7845350 1082331    0.05488   42   52    0.04654    0.05488  17.9%  37.3 1485s
 5676979 911178     cutoff   56         0.04654    0.05488  17.9%  32.5 1070s
 7871674 1085836    0.04820   38   69    0.04654    0.05488  17.9%  37.3 1490s
 5707174 915949    0.04844   52   60    0.04654    0.05488  17.9%  32.5 1075s
 7884981 1087578    0.04917   51   49    0.04654    0.05488  17.9%  37.3 1495s
 5725957 918686     cutoff   45         0.04654    0.05488  17.9%  32.5 1080s
 7904135 1090217    0.04767   34   57    0.04654    0.05488  17.9%  37.3 1500s
 5753899 923475    0.04993   53   53    0.04654    0.05488  17.9%  32.5 1085s
 7927889 1093769    0.04701   37   52    0.04654    0.05488  17.9%  37.3 1505s
 5770266 926510    0.04694   53   41    0.04654    0.05488  17.9%  32.5 1090s
 7942924 1096886    0.05488   43   53    0.04654    0.05488  17.9%  37.3 1511s
 5799121 930765     cutoff   50         0.04654    0.05488  17.9%  32.5 1095s
 7967878 1098988    0.05488   33   51    0.04654    0.05488  17.9%  37.3 1515s
 5818393 933122     cutoff   45         0.04654    0.05488  17.9%  32.5 1100s
 7992791 1102527    0.05488   33   64    0.04654    0.05488  17.9%  37.3 1520s
 5842778 935989    0.04800   48   59    0.04654    0.05488  17.9%  32.5 1105s
 8008986 1104774    0.05346   48   56    0.04654    0.05488  17.9%  37.3 1525s
 5857965 939401    0.05103   37   67    0.04654    0.05488  17.9%  32.5 1111s
 8034767 1108587     cutoff   43         0.04654    0.05488  17.9%  37.3 1530s
 5889757 942620    0.04749   50   61    0.04654    0.05488  17.9%  32.5 1115s
 8046563 1110075     cutoff   45         0.04654    0.05488  17.9%  37.3 1535s
 5910676 945483    0.04900   55   58    0.04654    0.05488  17.9%  32.5 1120s
 8071751 1113130    0.05372   48   56    0.04654    0.05488  17.9%  37.3 1540s
 5935969 949128    0.05214   39   47    0.04654    0.05488  17.9%  32.5 1125s
 8095526 1116229 infeasible   44         0.04654    0.05488  17.9%  37.3 1545s
 5962497 952391    0.04655   41   58    0.04654    0.05488  17.9%  32.5 1130s
 8110948 1118437     cutoff   52         0.04654    0.05488  17.9%  37.3 1550s
 5981582 955168    0.05449   37   59    0.04654    0.05488  17.9%  32.5 1135s
 8136282 1121688     cutoff   50         0.04654    0.05488  17.9%  37.3 1555s
 6009659 959338    0.05095   47   60    0.04654    0.05488  17.9%  32.5 1140s
 8154135 1123909     cutoff   47         0.04654    0.05488  17.9%  37.3 1560s
 6028469 961869    0.05253   53   51    0.04654    0.05488  17.9%  32.5 1145s
 8172768 1126622    0.04917   44   53    0.04654    0.05488  17.9%  37.3 1565s
 6055136 965271    0.05488   45   61    0.04654    0.05488  17.9%  32.5 1150s
 8196804 1129564     cutoff   43         0.04654    0.05488  17.9%  37.3 1570s
 6073247 967789     cutoff   44         0.04654    0.05488  17.9%  32.5 1155s
 8215792 1131697     cutoff   61         0.04654    0.05488  17.9%  37.3 1575s
 6099312 971777    0.05404   47   66    0.04654    0.05488  17.9%  32.5 1160s
 8234145 1134402    0.05488   33   58    0.04654    0.05488  17.9%  37.3 1580s
 6117057 974477     cutoff   44         0.04654    0.05488  17.9%  32.5 1165s
 8260118 1138722    0.05086   44   64    0.04654    0.05488  17.9%  37.3 1585s
 6145317 977987    0.04918   48   59    0.04654    0.05488  17.9%  32.5 1170s
 8281623 1141959     cutoff   34         0.04654    0.05488  17.9%  37.3 1590s
 6167727 981186    0.05488   41   50    0.04654    0.05488  17.9%  32.5 1175s
 8300201 1144687    0.05240   49   56    0.04654    0.05488  17.9%  37.3 1595s
 6187307 984571    0.05225   49   64    0.04654    0.05488  17.9%  32.5 1180s
 8324862 1147703    0.04781   53   49    0.04654    0.05488  17.9%  37.3 1600s
 6213560 988770    0.05488   35   61    0.04654    0.05488  17.9%  32.5 1185s
 8340329 1149609     cutoff   44         0.04654    0.05488  17.9%  37.3 1605s
 6233018 992015    0.05102   46   53    0.04654    0.05488  17.9%  32.6 1190s
 8364389 1152589    0.05380   45   56    0.04654    0.05488  17.9%  37.3 1610s
 6260129 996030    0.04676   60   55    0.04654    0.05488  17.9%  32.6 1195s
 8379890 1154389    0.05404   53   60    0.04654    0.05488  17.9%  37.3 1615s
 6277670 998735    0.05451   54   37    0.04654    0.05488  17.9%  32.6 1200s
 8403206 1157461     cutoff   46         0.04654    0.05488  17.9%  37.3 1620s
 6305948 1003324    0.05173   52   56    0.04654    0.05488  17.9%  32.6 1205s
 8428103 1160622    0.04821   43   53    0.04654    0.05488  17.9%  37.3 1625s
 6326582 1006509    0.04903   54   53    0.04654    0.05488  17.9%  32.6 1210s
 8441183 1162339    0.04984   40   61    0.04654    0.05488  17.9%  37.3 1630s
 6354480 1010359    0.05488   52   59    0.04654    0.05488  17.9%  32.6 1215s
 8464696 1165942     cutoff   40         0.04654    0.05488  17.9%  37.4 1635s
 6374001 1012824    0.05488   50   59    0.04654    0.05488  17.9%  32.6 1220s
 8489369 1169244    0.05286   50   62    0.04654    0.05488  17.9%  37.4 1640s
 6402482 1016317    0.05488   56   62    0.04654    0.05488  17.9%  32.6 1225s
 8502166 1170768     cutoff   48         0.04654    0.05488  17.9%  37.4 1645s
 6421424 1018447    0.05488   42   55    0.04654    0.05488  17.9%  32.6 1230s
 8522967 1173348    0.04668   43   47    0.04654    0.05488  17.9%  37.4 1650s
 6447603 1021815    0.04987   52   54    0.04654    0.05488  17.9%  32.6 1235s
 8546902 1176317    0.05326   58   57    0.04654    0.05488  17.9%  37.4 1655s
 6468340 1024410    0.05032   52   60    0.04654    0.05488  17.9%  32.6 1240s
 8558846 1177862     cutoff   50         0.04654    0.05488  17.9%  37.4 1660s
H6482045 1025997                       0.0465374    0.05488  17.9%  32.6 1243s
 6491340 1027292     cutoff   58         0.04654    0.05488  17.9%  32.6 1245s
 8582583 1181254    0.05488   40   52    0.04654    0.05488  17.9%  37.4 1665s
 6511849 1029744    0.04899   55   52    0.04654    0.05488  17.9%  32.6 1250s
 8607063 1184633    0.05488   43   59    0.04654    0.05488  17.9%  37.4 1670s
 6536583 1033270     cutoff   52         0.04654    0.05488  17.9%  32.6 1255s
 8620830 1186395    0.05262   55   57    0.04654    0.05488  17.9%  37.4 1675s
 6562843 1036921    0.05476   39   62    0.04654    0.05488  17.9%  32.6 1260s
 8644776 1189666    0.04769   49   54    0.04654    0.05488  17.9%  37.4 1680s
 6579679 1039704     cutoff   42         0.04654    0.05488  17.9%  32.6 1265s
 8659970 1191472 infeasible   53         0.04654    0.05488  17.9%  37.4 1685s
 6605181 1043489    0.05410   45   57    0.04654    0.05488  17.9%  32.6 1270s
 8681301 1194324     cutoff   57         0.04654    0.05488  17.9%  37.4 1690s
 6620771 1045738    0.04999   60   50    0.04654    0.05488  17.9%  32.6 1275s
 8705052 1197221    0.05353   48   37    0.04654    0.05488  17.9%  37.4 1695s
 6647722 1048873    0.05304   42   48    0.04654    0.05488  17.9%  32.6 1280s
 8716003 1198652    0.05377   44   48    0.04654    0.05488  17.9%  37.4 1700s
 6671245 1051339    0.05488   46   54    0.04654    0.05488  17.9%  32.6 1285s
 8741513 1202188 infeasible   44         0.04654    0.05488  17.9%  37.4 1705s
 6689839 1053757     cutoff   42         0.04654    0.05488  17.9%  32.7 1290s
 8765867 1205655     cutoff   50         0.04654    0.05488  17.9%  37.4 1710s
 6712698 1056327    0.05019   46   42    0.04654    0.05488  17.9%  32.7 1295s
 8783759 1208009    0.05488   42   26    0.04654    0.05488  17.9%  37.4 1715s
 6732573 1059313    0.05464   47   63    0.04654    0.05488  17.9%  32.7 1300s
 8805187 1210722     cutoff   45         0.04654    0.05488  17.9%  37.4 1720s
 6759578 1062909    0.04681   49   62    0.04654    0.05488  17.9%  32.7 1305s
 8827794 1214037    0.04741   43   65    0.04654    0.05488  17.9%  37.4 1725s
 6775342 1065357    0.05488   50   59    0.04654    0.05488  17.9%  32.7 1310s
 8842351 1216077    0.05488   43   63    0.04654    0.05488  17.9%  37.4 1730s
 6802486 1069581     cutoff   50         0.04654    0.05488  17.9%  32.7 1315s
 8866653 1220119     cutoff   39         0.04654    0.05488  17.9%  37.4 1735s
 6819459 1072033     cutoff   54         0.04654    0.05488  17.9%  32.7 1320s
 8889619 1223904    0.05391   35   51    0.04654    0.05488  17.9%  37.4 1740s
 6849076 1076873 infeasible   48         0.04654    0.05488  17.9%  32.7 1325s
 8903395 1226271    0.05488   46   47    0.04654    0.05488  17.9%  37.4 1745s
 6865800 1079680    0.05488   47   54    0.04654    0.05488  17.9%  32.7 1330s
 8927516 1230068    0.05206   43   54    0.04654    0.05488  17.9%  37.4 1750s
 6893215 1084738     cutoff   44         0.04654    0.05488  17.9%  32.7 1335s
 8951468 1232884    0.04665   47   48    0.04654    0.05488  17.9%  37.4 1755s
 6915156 1088583    0.05088   46   56    0.04654    0.05488  17.9%  32.7 1340s
 8964962 1234717    0.05457   44   59    0.04654    0.05488  17.9%  37.4 1760s
 6941409 1093231     cutoff   53         0.04654    0.05488  17.9%  32.7 1345s
 8991581 1237836     cutoff   63         0.04654    0.05488  17.9%  37.4 1765s
 6963774 1096671    0.04772   43   63    0.04654    0.05488  17.9%  32.7 1350s
 9012717 1239925     cutoff   52         0.04654    0.05488  17.9%  37.4 1770s
 6988666 1100653    0.04771   55   52    0.04654    0.05488  17.9%  32.7 1355s
 9028544 1241846    0.05488   34   66    0.04654    0.05488  17.9%  37.4 1775s
 7007903 1103786     cutoff   44         0.04654    0.05488  17.9%  32.7 1360s
 9053305 1245284     cutoff   52         0.04654    0.05488  17.9%  37.4 1780s
 7033290 1107809    0.05090   43   61    0.04654    0.05488  17.9%  32.7 1365s
 9065193 1246940    0.05038   42   63    0.04654    0.05488  17.9%  37.4 1785s
 7054268 1111382    0.05488   33   43    0.04654    0.05488  17.9%  32.7 1370s
 9091416 1250188    0.05488   42   53    0.04654    0.05488  17.9%  37.4 1790s
 7073487 1116554     cutoff   41         0.04654    0.05488  17.9%  32.7 1375s
 9116225 1254115     cutoff   40         0.04654    0.05488  17.9%  37.4 1795s
 7101509 1123619    0.05403   42   66    0.04654    0.05488  17.9%  32.7 1380s
 9128058 1256089    0.05195   44   61    0.04654    0.05488  17.9%  37.4 1800s
 7118522 1127495    0.04849   43   59    0.04654    0.05488  17.9%  32.7 1385s
 9154996 1260269    0.05269   46   64    0.04654    0.05488  17.9%  37.4 1805s
 7146346 1133298    0.05488   28   35    0.04654    0.05488  17.9%  32.7 1390s
 9175505 1262691    0.05230   53   59    0.04654    0.05488  17.9%  37.4 1810s
 7163207 1136328     cutoff   50         0.04654    0.05488  17.9%  32.8 1395s
 9192305 1264690    0.05217   48   58    0.04654    0.05488  17.9%  37.4 1815s
 7188674 1140676     cutoff   52         0.04654    0.05488  17.9%  32.8 1400s
 9218543 1267945    0.04983   41   55    0.04654    0.05488  17.9%  37.4 1820s
 7214228 1145792     cutoff   51         0.04654    0.05488  17.9%  32.8 1405s
 9231234 1269857    0.05121   59   57    0.04654    0.05488  17.9%  37.4 1825s
 7231254 1148776     cutoff   55         0.04654    0.05488  17.9%  32.8 1410s
 9253663 1272732    0.04922   51   55    0.04654    0.05488  17.9%  37.4 1830s
 7259029 1153057    0.05488   40   49    0.04654    0.05488  17.9%  32.8 1415s
 9276997 1275816    0.04988   52   61    0.04654    0.05488  17.9%  37.4 1835s
 7274362 1155044     cutoff   51         0.04654    0.05488  17.9%  32.8 1420s
 9291014 1278114    0.05488   37   52    0.04654    0.05488  17.9%  37.4 1840s
 7302431 1159657    0.05170   41   68    0.04654    0.05488  17.9%  32.8 1425s
 9315949 1282480     cutoff   52         0.04654    0.05488  17.9%  37.4 1845s
 7322056 1163044    0.04855   47   43    0.04654    0.05488  17.9%  32.8 1430s
 9338842 1285864    0.05037   46   64    0.04654    0.05488  17.9%  37.4 1850s
 7345062 1167425    0.05067   53   51    0.04654    0.05488  17.9%  32.8 1435s
 9351501 1287968    0.04946   49   66    0.04654    0.05488  17.9%  37.4 1855s
 7373479 1171318    0.04882   50   52    0.04654    0.05488  17.9%  32.8 1440s
 9377052 1291403    0.05488   36   59    0.04654    0.05488  17.9%  37.5 1860s
 7390599 1173989    0.05364   45   49    0.04654    0.05488  17.9%  32.8 1445s
 9398016 1293968    0.04962   50   62    0.04654    0.05488  17.9%  37.5 1865s
 7419139 1180094    0.05127   44   65    0.04654    0.05488  17.9%  32.8 1450s
 9416102 1296472     cutoff   66         0.04654    0.05488  17.9%  37.5 1870s
 7436839 1183499    0.05488   33   47    0.04654    0.05488  17.9%  32.8 1455s
 9440489 1299436    0.05200   44   57    0.04654    0.05488  17.9%  37.5 1875s
 7464379 1188284    0.05378   40   49    0.04654    0.05488  17.9%  32.8 1460s
 9451440 1300769    0.05289   44   56    0.04654    0.05488  17.9%  37.5 1880s
 7480315 1191053    0.05488   46   46    0.04654    0.05488  17.9%  32.8 1465s
 9472466 1303522    0.04910   44   58    0.04654    0.05488  17.9%  37.5 1885s
 7508310 1195168    0.05284   53   56    0.04654    0.05488  17.9%  32.8 1470s
 9497027 1307298    0.04717   46   73    0.04654    0.05488  17.9%  37.5 1890s
 7530578 1198100    0.05002   44   58    0.04654    0.05488  17.9%  32.8 1475s
 9519946 1310642    0.05068   48   41    0.04654    0.05488  17.9%  37.5 1895s
 7551452 1201576     cutoff   48         0.04654    0.05488  17.9%  32.8 1480s
 9533737 1312491    0.05198   53   59    0.04654    0.05488  17.9%  37.5 1900s
 7578135 1205408     cutoff   48         0.04654    0.05488  17.9%  32.8 1485s
 9557346 1316194     cutoff   41         0.04654    0.05488  17.9%  37.5 1905s
 7594066 1207822    0.05488   45   59    0.04654    0.05488  17.9%  32.9 1490s
 9581930 1319923     cutoff   56         0.04654    0.05488  17.9%  37.5 1910s
 7620513 1212236    0.05488   43   48    0.04654    0.05488  17.9%  32.9 1495s
 9594979 1321481    0.05049   49   66    0.04654    0.05488  17.9%  37.5 1915s
 7637164 1214663    0.04829   28   47    0.04654    0.05488  17.9%  32.9 1500s
 9620506 1324810    0.05461   43   61    0.04654    0.05488  17.9%  37.5 1920s
 7662728 1219013    0.04665   55   62    0.04654    0.05488  17.9%  32.9 1505s
 9641147 1327224    0.05208   46   65    0.04654    0.05488  17.9%  37.5 1925s
 7680546 1222041     cutoff   32         0.04654    0.05488  17.9%  32.9 1510s
 9658824 1329511 infeasible   48         0.04654    0.05488  17.9%  37.5 1930s
 7705416 1226461    0.04757   45   58    0.04654    0.05488  17.9%  32.9 1515s
 9681687 1333105     cutoff   47         0.04654    0.05488  17.9%  37.5 1935s
 7734707 1230938     cutoff   43         0.04654    0.05488  17.9%  32.9 1520s
 9696173 1335324    0.05488   46   59    0.04654    0.05488  17.9%  37.5 1940s
 7751992 1233342    0.05461   43   52    0.04654    0.05488  17.9%  32.9 1525s
 9718920 1338302     cutoff   58         0.04654    0.05488  17.9%  37.5 1945s
 7780387 1237148 infeasible   46         0.04654    0.05488  17.9%  32.9 1530s
 9741621 1341011    0.05227   52   54    0.04654    0.05488  17.9%  37.5 1950s
 7797080 1239131     cutoff   56         0.04654    0.05488  17.9%  32.9 1535s
 9754619 1342523    0.04919   48   59    0.04654    0.05488  17.9%  37.5 1955s
 7822600 1242705    0.05383   38   48    0.04654    0.05488  17.9%  32.9 1540s
 9777938 1345298    0.04974   48   57    0.04654    0.05488  17.9%  37.5 1960s
 7839069 1245733    0.05040   40   58    0.04654    0.05488  17.9%  32.9 1545s
 9802028 1348092    0.05029   53   55    0.04654    0.05488  17.9%  37.5 1965s
 7864181 1250680    0.05138   38   65    0.04654    0.05488  17.9%  32.9 1550s
 9813276 1349537     cutoff   46         0.04654    0.05488  17.9%  37.5 1970s
 7881144 1253635     cutoff   49         0.04654    0.05488  17.9%  32.9 1555s
 9834823 1352821    0.04665   48   63    0.04654    0.05488  17.9%  37.5 1975s
 7907615 1257439    0.05263   48   56    0.04654    0.05488  17.9%  32.9 1560s
 9852745 1355007    0.05047   42   63    0.04654    0.05488  17.9%  37.5 1980s
 9872175 1357377    0.04731   51   56    0.04654    0.05488  17.9%  37.5 1985s
 7925254 1262811    0.05182   48   52    0.04654    0.05488  17.9%  33.0 1567s
 7949822 1265859    0.04714   41   53    0.04654    0.05488  17.9%  33.0 1570s
 9895804 1360654    0.04793   51   65    0.04654    0.05488  17.9%  37.5 1990s
 7974706 1270006     cutoff   49         0.04654    0.05488  17.9%  33.0 1575s
 9911260 1362473    0.04953   42   51    0.04654    0.05488  17.9%  37.5 1995s
 7991675 1272532     cutoff   48         0.04654    0.05488  17.9%  33.0 1580s
 9930667 1365374 infeasible   43         0.04654    0.05488  17.9%  37.5 2000s
 8015187 1275550    0.05488   43   49    0.04654    0.05488  17.9%  33.0 1585s
 9953554 1368778     cutoff   41         0.04654    0.05488  17.9%  37.5 2005s
 8031283 1277888    0.04773   54   56    0.04654    0.05488  17.9%  33.0 1590s
 9970485 1370946    0.05221   37   41    0.04654    0.05488  17.9%  37.5 2010s
 8056838 1282198     cutoff   45         0.04654    0.05488  17.9%  33.0 1595s
 9989063 1373709     cutoff   48         0.04654    0.05488  17.9%  37.5 2015s
 8074262 1284527    0.04761   48   41    0.04654    0.05488  17.9%  33.0 1600s
 10012870 1376869    0.05488   34   62    0.04654    0.05488  17.9%  37.5 2020s
 8099988 1288018    0.05423   48   37    0.04654    0.05488  17.9%  33.0 1605s
 10024318 1378366    0.05488   41   58    0.04654    0.05488  17.9%  37.5 2025s
 8119600 1290680     cutoff   49         0.04654    0.05488  17.9%  33.0 1610s
 10049943 1381751     cutoff   46         0.04654    0.05488  17.9%  37.5 2030s
 8141266 1293619    0.04793   45   52    0.04654    0.05488  17.9%  33.0 1615s
 10072652 1384313    0.04705   50   55    0.04654    0.05488  17.9%  37.5 2035s
 8165652 1296826    0.05488   36   49    0.04654    0.05488  17.9%  33.0 1620s
 10086547 1386121    0.05291   53   47    0.04654    0.05488  17.9%  37.5 2040s
 8182962 1300399    0.05419   43   66    0.04654    0.05488  17.9%  33.0 1625s
 10111466 1389955    0.05147   44   66    0.04654    0.05488  17.9%  37.5 2045s
 8210122 1305738     cutoff   43         0.04654    0.05488  17.9%  33.0 1630s
 10133347 1392981    0.05319   43   59    0.04654    0.05488  17.9%  37.5 2050s
 8226548 1308691    0.05353   51   59    0.04654    0.05488  17.9%  33.0 1635s
 10144570 1394781    0.05189   48   51    0.04654    0.05488  17.9%  37.5 2055s
 8251741 1312668     cutoff   47         0.04654    0.05488  17.9%  33.0 1640s
 10169787 1398501    0.05488   43   47    0.04654    0.05488  17.9%  37.5 2060s
 8268093 1315230    0.05378   42   44    0.04654    0.05488  17.9%  33.0 1645s
 10195076 1401937     cutoff   50         0.04654    0.05488  17.9%  37.5 2065s
 8294317 1318644    0.04701   44   69    0.04654    0.05488  17.9%  33.0 1650s
 10205182 1403206    0.05049   54   45    0.04654    0.05488  17.9%  37.5 2070s
 8316091 1321705    0.04676   48   59    0.04654    0.05488  17.9%  33.1 1655s
 10230383 1406133    0.04726   52   53    0.04654    0.05488  17.9%  37.5 2075s
 8334616 1324329     cutoff   56         0.04654    0.05488  17.9%  33.1 1660s
 10253378 1408800    0.05488   47   56    0.04654    0.05488  17.9%  37.5 2080s
 8360713 1327625     cutoff   53         0.04654    0.05488  17.9%  33.1 1665s
 10270141 1410677     cutoff   54         0.04654    0.05488  17.9%  37.5 2085s
 8375246 1329472    0.05373   49   56    0.04654    0.05488  17.9%  33.1 1670s
 10289723 1413070 infeasible   50         0.04654    0.05488  17.9%  37.5 2090s
 8401404 1333671    0.05488   41   39    0.04654    0.05488  17.9%  33.1 1675s
 10314556 1415839    0.05488   39   51    0.04654    0.05488  17.9%  37.5 2095s
 8422630 1336796    0.04943   46   52    0.04654    0.05488  17.9%  33.1 1680s
 10332498 1417893    0.05402   47   66    0.04654    0.05488  17.9%  37.5 2100s
 8444882 1340081     cutoff   48         0.04654    0.05488  17.9%  33.1 1685s
 10351146 1420427    0.05488   52   62    0.04654    0.05488  17.9%  37.6 2105s
 8470872 1343620     cutoff   50         0.04654    0.05488  17.9%  33.1 1690s
 10371363 1423572    0.05488   53   62    0.04654    0.05488  17.9%  37.6 2110s
 8484697 1345864    0.05488   43   50    0.04654    0.05488  17.9%  33.1 1695s
 10389615 1426894    0.04818   48   64    0.04654    0.05488  17.9%  37.6 2115s
 8508898 1349657     cutoff   51         0.04654    0.05488  17.9%  33.1 1700s
 10407948 1431142    0.05488   40   59    0.04654    0.05488  17.9%  37.6 2120s
 8530520 1352569     cutoff   50         0.04654    0.05488  17.9%  33.1 1705s
 10432988 1435866    0.05488   43   55    0.04654    0.05488  17.9%  37.6 2125s
 8549497 1355888    0.04741   51   47    0.04654    0.05488  17.9%  33.1 1710s
 10444570 1438007    0.05488   46   47    0.04654    0.05488  17.9%  37.6 2130s
 8574210 1359500    0.05488   49   63    0.04654    0.05488  17.9%  33.2 1715s
 10468555 1441553    0.04911   46   72    0.04654    0.05488  17.9%  37.6 2135s
 8585118 1361151    0.04760   59   58    0.04654    0.05488  17.9%  33.2 1720s
 10494377 1445053    0.05488   42   59    0.04654    0.05488  17.9%  37.6 2140s
 8608568 1364843    0.05018   45   55    0.04654    0.05488  17.9%  33.2 1725s
 10505461 1446585    0.05192   47   59    0.04654    0.05488  17.9%  37.6 2145s
 8623331 1368253    0.04955   42   55    0.04654    0.05488  17.9%  33.2 1731s
 10529992 1450160    0.04849   53   65    0.04654    0.05488  17.9%  37.6 2150s
 8649465 1370749    0.04838   37   42    0.04654    0.05488  17.9%  33.2 1735s
 10554515 1452953    0.04753   43   57    0.04654    0.05488  17.9%  37.6 2155s
 8676980 1374956     cutoff   42         0.04654    0.05488  17.9%  33.2 1740s
 10569226 1454627     cutoff   53         0.04654    0.05488  17.9%  37.6 2160s
 8690190 1377112     cutoff   51         0.04654    0.05488  17.9%  33.2 1745s
 10590108 1457481    0.05488   45   52    0.04654    0.05488  17.9%  37.6 2165s
 8716060 1381735    0.05488   43   49    0.04654    0.05488  17.9%  33.2 1750s
 10613233 1460457    0.05015   39   53    0.04654    0.05488  17.9%  37.6 2170s
 10634910 1463490     cutoff   48         0.04654    0.05488  17.9%  37.6 2175s
 8740164 1386723    0.05488   35   52    0.04654    0.05488  17.9%  33.2 1757s
 8761002 1388491    0.05453   52   56    0.04654    0.05488  17.9%  33.2 1760s
 10647737 1465221    0.04948   46   70    0.04654    0.05488  17.9%  37.6 2180s
 8786357 1393339    0.04959   53   54    0.04654    0.05488  17.9%  33.2 1765s
 10671691 1467949 infeasible   41         0.04654    0.05488  17.9%  37.6 2185s
 8799281 1396317     cutoff   51         0.04654    0.05488  17.9%  33.2 1770s
 10695648 1470681    0.05488   42   62    0.04654    0.05488  17.9%  37.6 2190s
 8825936 1401506    0.04724   47   49    0.04654    0.05488  17.9%  33.2 1775s
 10710279 1472442     cutoff   52         0.04654    0.05488  17.9%  37.6 2195s
 8851077 1406836    0.04792   49   66    0.04654    0.05488  17.9%  33.2 1780s
 10733153 1475445    0.04982   37   51    0.04654    0.05488  17.9%  37.6 2200s
 8865265 1409456    0.04922   36   54    0.04654    0.05488  17.9%  33.2 1785s
 10749022 1477402    0.05242   42   54    0.04654    0.05488  17.9%  37.6 2205s
 8888398 1413120    0.05488   50   59    0.04654    0.05488  17.9%  33.3 1790s
 10768412 1480108    0.05459   42   69    0.04654    0.05488  17.9%  37.6 2210s
 8904023 1415685     cutoff   57         0.04654    0.05488  17.9%  33.3 1795s
 10792465 1484104    0.04802   34   65    0.04654    0.05488  17.9%  37.6 2215s
 8925268 1418923    0.05367   43   72    0.04654    0.05488  17.9%  33.3 1800s
 10813934 1486921    0.05225   52   63    0.04654    0.05488  17.9%  37.6 2220s
 8950131 1423067    0.05488   47   42    0.04654    0.05488  17.9%  33.3 1805s
 10828758 1488888    0.05488   36   78    0.04654    0.05488  17.9%  37.6 2225s
 8964839 1425986    0.05335   32   51    0.04654    0.05488  17.9%  33.3 1810s
 10852602 1491748    0.04709   43   54    0.04654    0.05488  17.9%  37.6 2230s
 8989635 1431786    0.04676   44   59    0.04654    0.05488  17.9%  33.3 1815s
 10871701 1494010    0.04734   49   37    0.04654    0.05488  17.9%  37.6 2235s
 9014819 1436766     cutoff   39         0.04654    0.05488  17.9%  33.3 1820s
 10889985 1496545 infeasible   75         0.04654    0.05488  17.9%  37.6 2240s
 9030137 1439493    0.04730   47   51    0.04654    0.05488  17.9%  33.3 1825s
 10912786 1500734    0.05488   51   50    0.04654    0.05488  17.9%  37.6 2245s
 9054449 1442950    0.05488   44   52    0.04654    0.05488  17.9%  33.3 1830s
 10929345 1503694    0.05488   38   52    0.04654    0.05488  17.9%  37.6 2250s
 9068752 1444857    0.05365   37   59    0.04654    0.05488  17.9%  33.3 1835s
 10948955 1506831    0.05488   35   41    0.04654    0.05488  17.9%  37.6 2255s
 9092534 1447992     cutoff   39         0.04654    0.05488  17.9%  33.3 1840s
 10971983 1509773    0.05467   55   42    0.04654    0.05488  17.9%  37.6 2260s
 9116466 1450913     cutoff   46         0.04654    0.05488  17.9%  33.4 1845s
 10990077 1512435    0.04688   51   59    0.04654    0.05488  17.9%  37.6 2265s
 9130062 1452631    0.05488   45   33    0.04654    0.05488  17.9%  33.4 1850s
 11007481 1515093    0.05151   47   53    0.04654    0.05488  17.9%  37.6 2270s
 9153433 1455463    0.05290   41   55    0.04654    0.05488  17.9%  33.4 1855s
 11034374 1518628    0.04663   56   57    0.04654    0.05488  17.9%  37.6 2275s
 9166442 1457015    0.04728   45   41    0.04654    0.05488  17.9%  33.4 1860s
 11058627 1521535    0.05014   57   52    0.04654    0.05488  17.9%  37.6 2280s
 9188931 1459842    0.04943   46   53    0.04654    0.05488  17.9%  33.4 1865s
 11072495 1523004    0.05488   53   47    0.04654    0.05488  17.9%  37.6 2285s
 9212564 1463418     cutoff   51         0.04654    0.05488  17.9%  33.4 1870s
 11096599 1525638     cutoff   59         0.04654    0.05488  17.9%  37.6 2290s
 9224783 1465106     cutoff   60         0.04654    0.05488  17.9%  33.4 1875s
 11121561 1527982    0.05254   59   53    0.04654    0.05488  17.9%  37.6 2295s
 9248477 1468632    0.05414   35   68    0.04654    0.05488  17.9%  33.4 1880s
 11133347 1529035     cutoff   62         0.04654    0.05488  17.9%  37.6 2300s
 9266048 1470901     cutoff   59         0.04654    0.05488  17.9%  33.4 1885s
 11157380 1530908     cutoff   62         0.04654    0.05488  17.9%  37.6 2305s
 9290891 1474228     cutoff   45         0.04654    0.05488  17.9%  33.4 1890s
 11180645 1532578     cutoff   65         0.04654    0.05488  17.9%  37.6 2310s
 9314023 1476962    0.05001   48   48    0.04654    0.05488  17.9%  33.4 1895s
 11194224 1534416    0.05009   70   37    0.04654    0.05488  17.9%  37.6 2316s
 9324543 1479530    0.05488   43   66    0.04654    0.05488  17.9%  33.4 1901s
 11217778 1535565    0.05464   63   60    0.04654    0.05488  17.9%  37.6 2320s
 9352414 1482802    0.05488   35   43    0.04654    0.05488  17.9%  33.4 1905s
 11242881 1537392 infeasible   63         0.04654    0.05488  17.9%  37.6 2325s
 9368857 1486583    0.04738   41   53    0.04654    0.05488  17.9%  33.4 1910s
 11266522 1538966    0.05488   63   39    0.04654    0.05488  17.9%  37.6 2330s
 9394896 1491803    0.05133   37   65    0.04654    0.05488  17.9%  33.4 1915s
 11279501 1539920    0.05488   52   61    0.04654    0.05488  17.9%  37.6 2335s
 9410133 1494366    0.04883   40   63    0.04654    0.05488  17.9%  33.5 1920s
 11305734 1542180    0.05263   57   47    0.04654    0.05488  17.9%  37.6 2340s
 9436079 1498698    0.05488   46   56    0.04654    0.05488  17.9%  33.5 1925s
 11331808 1544382    0.05212   64   56    0.04654    0.05488  17.9%  37.6 2345s
 9450550 1500647    0.05364   35   58    0.04654    0.05488  17.9%  33.5 1930s
 11344096 1545492    0.04780   58   59    0.04654    0.05488  17.9%  37.6 2350s
 9475672 1504163     cutoff   48         0.04654    0.05488  17.9%  33.5 1935s
 11368101 1547961    0.05372   49   57    0.04654    0.05488  17.9%  37.6 2355s
 9500480 1507758     cutoff   51         0.04654    0.05488  17.9%  33.5 1940s
 11394380 1550489    0.05488   55   57    0.04654    0.05488  17.9%  37.6 2360s
 9517472 1510031    0.05248   40   64    0.04654    0.05488  17.9%  33.5 1945s
 11405992 1551549     cutoff   66         0.04654    0.05488  17.9%  37.6 2365s
 9542233 1513166    0.04760   50   59    0.04654    0.05488  17.9%  33.5 1950s
 11432563 1554002    0.05483   62   61    0.04654    0.05488  17.9%  37.6 2370s
 9559509 1515337    0.04878   60   58    0.04654    0.05488  17.9%  33.5 1955s
 11458450 1556317     cutoff   55         0.04654    0.05488  17.9%  37.6 2375s
 9584125 1518304     cutoff   52         0.04654    0.05488  17.9%  33.5 1960s
 11475925 1558199     cutoff   59         0.04654    0.05488  17.9%  37.6 2380s
 9600223 1520429 infeasible   47         0.04654    0.05488  17.9%  33.5 1965s
 11494428 1560133    0.05488   52   63    0.04654    0.05488  17.9%  37.6 2385s
 9624094 1523582    0.04727   43   55    0.04654    0.05488  17.9%  33.5 1970s
 11520885 1562655    0.04764   57   56    0.04654    0.05488  17.9%  37.6 2390s
 9643181 1525788    0.05488   32   56    0.04654    0.05488  17.9%  33.5 1975s
 11546587 1565116    0.04661   74   53    0.04654    0.05488  17.9%  37.6 2395s
 9666832 1528625     cutoff   43         0.04654    0.05488  17.9%  33.5 1980s
 11556766 1565845    0.05042   63   58    0.04654    0.05488  17.9%  37.6 2400s
 9686655 1531649     cutoff   39         0.04654    0.05488  17.9%  33.5 1985s
 11581780 1567575    0.04866   66   52    0.04654    0.05488  17.9%  37.6 2405s
 9707380 1534991     cutoff   47         0.04654    0.05488  17.9%  33.5 1990s
 11606508 1569434    0.04804   63   54    0.04654    0.05488  17.9%  37.6 2410s
 9733176 1538473     cutoff   55         0.04654    0.05488  17.9%  33.5 1995s
 11619637 1570211     cutoff   62         0.04654    0.05488  17.9%  37.6 2415s
 9747584 1540293     cutoff   48         0.04654    0.05488  17.9%  33.5 2000s
 11638135 1571375    0.05488   61   50    0.04654    0.05488  17.9%  37.6 2420s
 9772634 1543350    0.05488   37   76    0.04654    0.05488  17.9%  33.5 2005s
 11663002 1573179    0.04662   60   47    0.04654    0.05488  17.9%  37.6 2425s
 9786382 1545052    0.04850   48   53    0.04654    0.05488  17.9%  33.5 2010s
 11685087 1574725     cutoff   70         0.04654    0.05488  17.9%  37.6 2430s
 9809420 1548208    0.05488   44   51    0.04654    0.05488  17.9%  33.5 2015s
 11698525 1575859     cutoff   64         0.04654    0.05488  17.9%  37.6 2435s
 9833651 1551756    0.04841   50   60    0.04654    0.05488  17.9%  33.6 2020s
 11721680 1577682    0.05334   66   49    0.04654    0.05488  17.9%  37.6 2440s
 9850822 1554032    0.04876   45   66    0.04654    0.05488  17.9%  33.6 2025s
 11746540 1579630    0.05488   51   47    0.04654    0.05488  17.9%  37.6 2445s
 9871495 1557044     cutoff   48         0.04654    0.05488  17.9%  33.6 2030s
 11763599 1581934    0.05404   59   61    0.04654    0.05488  17.9%  37.6 2453s
 9892807 1559653    0.05424   46   60    0.04654    0.05488  17.9%  33.6 2035s
 11783039 1582990    0.04802   56   47    0.04654    0.05488  17.9%  37.6 2455s
 9912591 1561983    0.04891   52   50    0.04654    0.05488  17.9%  33.6 2040s
 11808987 1586050    0.04895   48   41    0.04654    0.05488  17.9%  37.6 2460s
 9936822 1564533    0.05222   43   66    0.04654    0.05488  17.9%  33.6 2045s
 11832506 1588598    0.04752   58   49    0.04654    0.05488  17.9%  37.6 2465s
 9950639 1566171 infeasible   45         0.04654    0.05488  17.9%  33.6 2050s
 11842869 1589807    0.05244   43   53    0.04654    0.05488  17.9%  37.6 2470s
 9975562 1569194    0.05315   43   48    0.04654    0.05488  17.9%  33.6 2055s
 11867018 1592508     cutoff   51         0.04654    0.05488  17.9%  37.6 2475s
 9993481 1571505    0.04656   52   48    0.04654    0.05488  17.9%  33.6 2060s
 11892165 1595310    0.05317   49   60    0.04654    0.05488  17.9%  37.6 2480s
 10013312 1573928    0.05488   55   53    0.04654    0.05488  17.9%  33.6 2065s
 11915060 1598086    0.05488   59   59    0.04654    0.05488  17.9%  37.6 2485s
 10038288 1576736    0.05456   51   66    0.04654    0.05488  17.9%  33.6 2070s
 11926978 1599444    0.04667   60   58    0.04654    0.05488  17.9%  37.6 2490s
 10053116 1578274    0.05187   43   70    0.04654    0.05488  17.9%  33.6 2075s
 11952753 1601965    0.04934   53   57    0.04654    0.05488  17.9%  37.6 2495s
 10077547 1581105    0.05488   43   43    0.04654    0.05488  17.9%  33.6 2080s
 11977785 1604523    0.05093   51   40    0.04654    0.05488  17.9%  37.6 2500s
 10103418 1584154    0.04859   51   68    0.04654    0.05488  17.9%  33.6 2085s
 11991962 1605779    0.04810   67   49    0.04654    0.05488  17.9%  37.6 2505s
 10118552 1585767    0.05488   56   50    0.04654    0.05488  17.9%  33.7 2090s
 12013946 1607744     cutoff   60         0.04654    0.05488  17.9%  37.6 2510s
 10142760 1588719    0.05263   36   63    0.04654    0.05488  17.9%  33.7 2095s
 12037890 1609650    0.05015   62   62    0.04654    0.05488  17.9%  37.6 2515s
 10159028 1590795    0.05488   37   47    0.04654    0.05488  17.9%  33.7 2100s
 12063729 1611760    0.05263   53   53    0.04654    0.05488  17.9%  37.6 2520s
 10182302 1593673    0.05052   45   57    0.04654    0.05488  17.9%  33.7 2105s
 12074570 1612573    0.05488   55   46    0.04654    0.05488  17.9%  37.6 2525s
 10207166 1596462     cutoff   46         0.04654    0.05488  17.9%  33.7 2110s
 12099201 1615057    0.05488   50   38    0.04654    0.05488  17.9%  37.6 2530s
 10220355 1598020    0.05488   46   53    0.04654    0.05488  17.9%  33.7 2115s
 12124955 1617693    0.05488   49   52    0.04654    0.05488  17.9%  37.6 2535s
 10245073 1601052    0.05488   41   46    0.04654    0.05488  17.9%  33.7 2120s
 12147931 1619734    0.04769   55   66    0.04654    0.05488  17.9%  37.6 2540s
 10269217 1604080    0.05488   45   58    0.04654    0.05488  17.9%  33.7 2125s
 12162897 1621045    0.05247   57   37    0.04654    0.05488  17.9%  37.6 2545s
 10284479 1606389    0.05176   49   58    0.04654    0.05488  17.9%  33.7 2130s
 12188811 1624108    0.05488   60   57    0.04654    0.05488  17.9%  37.6 2550s
 10308790 1609611    0.05488   33   45    0.04654    0.05488  17.9%  33.7 2135s
 12213774 1627098     cutoff   64         0.04654    0.05488  17.9%  37.6 2555s
 10322205 1611301     cutoff   43         0.04654    0.05488  17.9%  33.7 2140s
 12228221 1629005    0.04919   62   43    0.04654    0.05488  17.9%  37.6 2560s
 10345702 1614166     cutoff   46         0.04654    0.05488  17.9%  33.7 2145s
 12254494 1631776     cutoff   55         0.04654    0.05488  17.9%  37.6 2565s
 10368547 1617392    0.05488   40   61    0.04654    0.05488  17.9%  33.7 2150s
 12279343 1634484    0.05226   58   49    0.04654    0.05488  17.9%  37.6 2570s
 10384206 1619211    0.05381   52   59    0.04654    0.05488  17.9%  33.7 2155s
 12286160 1635337     cutoff   46         0.04654    0.05488  17.9%  37.6 2575s
 10408797 1622195    0.05488   43   60    0.04654    0.05488  17.9%  33.7 2160s
 12307654 1637685 infeasible   61         0.04654    0.05488  17.9%  37.6 2580s
 10423225 1623788    0.05488   43   64    0.04654    0.05488  17.9%  33.7 2165s
 12329306 1639545    0.05473   58   60    0.04654    0.05488  17.9%  37.6 2585s
 10444412 1626394    0.05345   46   66    0.04654    0.05488  17.9%  33.7 2170s
 12346829 1641210     cutoff   56         0.04654    0.05488  17.9%  37.6 2590s
 10470511 1629418     cutoff   53         0.04654    0.05488  17.9%  33.7 2175s
 12365254 1643379    0.04916   47   50    0.04654    0.05488  17.9%  37.6 2595s
 10483511 1630772    0.05122   54   36    0.04654    0.05488  17.9%  33.7 2180s
 12389743 1645980    0.04703   52   64    0.04654    0.05488  17.9%  37.6 2600s
 10506442 1633253    0.05488   51   63    0.04654    0.05488  17.9%  33.7 2185s
 12409134 1647822     cutoff   62         0.04654    0.05488  17.9%  37.6 2605s
 10532639 1636493    0.05488   43   56    0.04654    0.05488  17.9%  33.8 2190s
 12425639 1649132     cutoff   60         0.04654    0.05488  17.9%  37.6 2610s
 10548060 1638399    0.05434   45   68    0.04654    0.05488  17.9%  33.8 2195s
 12450624 1651070    0.05075   61   61    0.04654    0.05488  17.9%  37.6 2615s
 10573592 1641479    0.05488   42   60    0.04654    0.05488  17.9%  33.8 2200s
 12473365 1652668     cutoff   59         0.04654    0.05488  17.9%  37.6 2620s
 10587486 1643626    0.05074   49   66    0.04654    0.05488  17.9%  33.8 2205s
 12484995 1653641    0.04953   62   57    0.04654    0.05488  17.9%  37.6 2625s
 10612307 1647114    0.05377   41   57    0.04654    0.05488  17.9%  33.8 2210s
 12510213 1655765     cutoff   65         0.04654    0.05488  17.9%  37.6 2630s
 10633244 1649607    0.05488   54   54    0.04654    0.05488  17.9%  33.8 2215s
 12535306 1658205    0.04701   55   58    0.04654    0.05488  17.9%  37.6 2635s
 10653469 1652048     cutoff   46         0.04654    0.05488  17.9%  33.8 2220s
 12545472 1659469    0.04745   48   62    0.04654    0.05488  17.9%  37.6 2640s
 10677813 1655051    0.04881   45   37    0.04654    0.05488  17.9%  33.8 2225s
 12571660 1662677    0.05444   50   60    0.04654    0.05488  17.9%  37.6 2645s
 10694739 1656913    0.05488   48   53    0.04654    0.05488  17.9%  33.8 2230s
 12595107 1665547    0.05488   48   52    0.04654    0.05488  17.9%  37.6 2650s
 10719391 1659544    0.05347   50   62    0.04654    0.05488  17.9%  33.8 2235s
 12609299 1667024     cutoff   62         0.04654    0.05488  17.9%  37.6 2655s
 10734985 1661353    0.05427   42   67    0.04654    0.05488  17.9%  33.8 2240s
 12632002 1669171    0.05488   62   61    0.04654    0.05488  17.9%  37.6 2660s
 10760019 1665021     cutoff   55         0.04654    0.05488  17.9%  33.8 2245s
 12656637 1671302     cutoff   63         0.04654    0.05488  17.9%  37.6 2665s
 10777016 1667026    0.04870   48   64    0.04654    0.05488  17.9%  33.8 2250s
 12680421 1673481     cutoff   62         0.04654    0.05488  17.9%  37.6 2670s
 10801162 1669827     cutoff   50         0.04654    0.05488  17.9%  33.8 2255s
 12689736 1674216    0.05488   54   57    0.04654    0.05488  17.9%  37.6 2675s
 10825754 1672641     cutoff   46         0.04654    0.05488  17.9%  33.8 2260s
 12714778 1676664    0.05206   56   62    0.04654    0.05488  17.9%  37.6 2680s
 10837952 1674218    0.05488   43   52    0.04654    0.05488  17.9%  33.8 2265s
 12740293 1679427 infeasible   64         0.04654    0.05488  17.9%  37.6 2685s
 10863009 1677212    0.05488   44   51    0.04654    0.05488  17.9%  33.8 2270s
 12763349 1681530    0.05488   55   43    0.04654    0.05488  17.9%  37.6 2690s
 10887987 1679938    0.04937   35   55    0.04654    0.05488  17.9%  33.9 2275s
 12777608 1682894    0.05100   67   51    0.04654    0.05488  17.9%  37.6 2695s
 10903228 1682247     cutoff   53         0.04654    0.05488  17.9%  33.9 2280s
 12800781 1684626     cutoff   68         0.04654    0.05488  17.9%  37.6 2700s
 10929614 1686358    0.05206   46   57    0.04654    0.05488  17.9%  33.9 2285s
 12824448 1686358    0.05488   64   59    0.04654    0.05488  17.9%  37.6 2705s
 10941256 1687860 infeasible   61         0.04654    0.05488  17.9%  33.9 2290s
 12837692 1687346     cutoff   60         0.04654    0.05488  17.9%  37.6 2710s
 10965696 1690906    0.05307   55   51    0.04654    0.05488  17.9%  33.9 2295s
 12862321 1689238     cutoff   69         0.04654    0.05488  17.9%  37.6 2715s
 10986335 1693439 infeasible   41         0.04654    0.05488  17.9%  33.9 2300s
 12887213 1691221    0.05416   53   54    0.04654    0.05488  17.9%  37.6 2720s
 11000694 1695578    0.04694   54   56    0.04654    0.05488  17.9%  33.9 2305s
 12902253 1692360    0.04736   49   48    0.04654    0.05488  17.9%  37.6 2725s
 11025817 1700074    0.05488   37   53    0.04654    0.05488  17.9%  33.9 2310s
 12923578 1694274    0.05488   47   60    0.04654    0.05488  17.9%  37.6 2730s
 11044625 1703431    0.04669   46   61    0.04654    0.05488  17.9%  33.9 2315s
 12948337 1696646     cutoff   37         0.04654    0.05488  17.9%  37.6 2735s
 11059827 1706323    0.04664   50   67    0.04654    0.05488  17.9%  33.9 2320s
 12965003 1698276    0.04904   50   62    0.04654    0.05488  17.9%  37.6 2740s
 11085807 1710864     cutoff   41         0.04654    0.05488  17.9%  33.9 2325s
 12980221 1699978    0.04898   53   54    0.04654    0.05488  17.9%  37.6 2745s
 11105026 1713998    0.04880   47   56    0.04654    0.05488  17.9%  33.9 2330s
 13005397 1703022    0.04845   60   42    0.04654    0.05488  17.9%  37.6 2750s
 11121670 1717466    0.04759   48   59    0.04654    0.05488  17.9%  33.9 2335s
 13030383 1705860    0.04808   47   47    0.04654    0.05488  17.9%  37.6 2755s
 11145351 1722292    0.05315   49   67    0.04654    0.05488  17.9%  33.9 2340s
 13042135 1707343    0.05354   34   55    0.04654    0.05488  17.9%  37.6 2760s
 11160887 1725229    0.05089   47   65    0.04654    0.05488  17.9%  33.9 2345s
 13065861 1710470    0.05304   48   60    0.04654    0.05488  17.9%  37.6 2765s
 11180071 1728731    0.04732   50   60    0.04654    0.05488  17.9%  33.9 2350s
 13092558 1713823 infeasible   51         0.04654    0.05488  17.9%  37.6 2770s
 11202819 1732628    0.04842   48   54    0.04654    0.05488  17.9%  33.9 2355s
 13106045 1715492    0.04763   60   57    0.04654    0.05488  17.9%  37.6 2775s
 11225234 1736175    0.04850   47   65    0.04654    0.05488  17.9%  34.0 2360s
 13130841 1718482    0.05240   46   72    0.04654    0.05488  17.9%  37.6 2780s
 11240324 1738441    0.05432   39   62    0.04654    0.05488  17.9%  34.0 2365s
 13154639 1721874    0.05199   45   60    0.04654    0.05488  17.9%  37.6 2785s
 11264381 1741655    0.05488   48   45    0.04654    0.05488  17.9%  34.0 2370s
 13178259 1724834    0.05291   42   66    0.04654    0.05488  17.9%  37.6 2790s
 11279389 1744083     cutoff   40         0.04654    0.05488  17.9%  34.0 2375s
 13191855 1726519    0.04660   48   52    0.04654    0.05488  17.9%  37.6 2795s
 11301924 1748309    0.05029   49   58    0.04654    0.05488  17.9%  34.0 2380s
 13217141 1729367 infeasible   47         0.04654    0.05488  17.9%  37.6 2800s
 11325910 1752908    0.05394   43   54    0.04654    0.05488  17.9%  34.0 2385s
 13241838 1732737    0.05488   45   50    0.04654    0.05488  17.9%  37.6 2805s
 11341990 1755871    0.05488   40   58    0.04654    0.05488  17.9%  34.0 2390s
 13252186 1734058    0.05286   46   60    0.04654    0.05488  17.9%  37.6 2810s
 11366992 1760074    0.05299   44   63    0.04654    0.05488  17.9%  34.0 2395s
 13277833 1737089    0.04966   50   53    0.04654    0.05488  17.9%  37.6 2815s
 11378170 1761850    0.05488   36   56    0.04654    0.05488  17.9%  34.0 2400s
 13303052 1739964    0.04968   55   46    0.04654    0.05488  17.9%  37.6 2820s
 11403533 1765725    0.04896   45   51    0.04654    0.05488  17.9%  34.0 2405s
 13318556 1741491     cutoff   63         0.04654    0.05488  17.9%  37.6 2825s
 11427368 1769312    0.04812   55   57    0.04654    0.05488  17.9%  34.0 2410s
 13341303 1743833    0.04881   61   44    0.04654    0.05488  17.9%  37.6 2830s
 11441360 1771306    0.05106   47   62    0.04654    0.05488  17.9%  34.0 2415s
 13364501 1745827     cutoff   58         0.04654    0.05488  17.9%  37.6 2835s
 11466427 1774846     cutoff   37         0.04654    0.05488  17.9%  34.0 2420s
 13388660 1747978    0.05086   56   57    0.04654    0.05488  17.9%  37.6 2840s
 11487300 1777681    0.04969   51   59    0.04654    0.05488  17.9%  34.0 2425s
 13400688 1749077    0.05459   53   63    0.04654    0.05488  17.9%  37.6 2845s
 11501143 1779809     cutoff   53         0.04654    0.05488  17.9%  34.0 2430s
 13424944 1751448    0.05488   50   57    0.04654    0.05488  17.9%  37.6 2850s
 11526316 1783336    0.05447   38   62    0.04654    0.05488  17.9%  34.0 2435s
 13448588 1753645    0.05161   65   53    0.04654    0.05488  17.9%  37.6 2855s
 11540963 1785156    0.04995   48   38    0.04654    0.05488  17.9%  34.0 2440s
 13464725 1755316    0.04659   56   51    0.04654    0.05488  17.9%  37.6 2860s
 11565783 1787897    0.05439   56   53    0.04654    0.05488  17.9%  34.0 2445s
 13484701 1757748    0.05109   57   54    0.04654    0.05488  17.9%  37.6 2865s
 11582809 1789763    0.04770   37   53    0.04654    0.05488  17.9%  34.0 2450s
 13509289 1760215    0.05457   54   62    0.04654    0.05488  17.9%  37.5 2870s
 11605835 1792549     cutoff   53         0.04654    0.05488  17.9%  34.0 2455s
 13533478 1762705    0.05089   60   61    0.04654    0.05488  17.9%  37.5 2875s
 11629839 1795330    0.05379   51   64    0.04654    0.05488  17.9%  34.1 2460s
 13545556 1763837 infeasible   63         0.04654    0.05488  17.9%  37.5 2880s
 11642812 1797039    0.05186   64   55    0.04654    0.05488  17.9%  34.1 2465s
 13566683 1765727     cutoff   57         0.04654    0.05488  17.9%  37.5 2885s
 11666779 1800759    0.05488   38   42    0.04654    0.05488  17.9%  34.1 2470s
 13592972 1768168    0.05268   55   60    0.04654    0.05488  17.9%  37.5 2890s
 11687851 1803986    0.05226   49   62    0.04654    0.05488  17.9%  34.1 2475s
 13615722 1770022    0.05433   49   53    0.04654    0.05488  17.9%  37.5 2895s
 11706781 1806977    0.05309   40   54    0.04654    0.05488  17.9%  34.1 2480s
 13630895 1771393    0.05488   58   54    0.04654    0.05488  17.9%  37.5 2900s
 11717666 1808665    0.05488   33   51    0.04654    0.05488  17.9%  34.1 2485s
 13655766 1773476    0.05168   63   62    0.04654    0.05488  17.9%  37.6 2905s
 11741022 1811836     cutoff   43         0.04654    0.05488  17.9%  34.1 2490s
 13677791 1775635     cutoff   55         0.04654    0.05488  17.9%  37.6 2910s
 11766511 1815302    0.04773   49   59    0.04654    0.05488  17.9%  34.1 2495s
 13688123 1776720    0.05357   58   61    0.04654    0.05488  17.9%  37.6 2915s
 11780992 1817256     cutoff   41         0.04654    0.05488  17.9%  34.1 2500s
 13713755 1779448    0.04831   58   45    0.04654    0.05488  17.9%  37.5 2920s
 11805742 1820732    0.04837   56   40    0.04654    0.05488  17.9%  34.1 2505s
 13738981 1781823    0.05012   61   59    0.04654    0.05488  17.9%  37.5 2925s
 11819494 1822606     cutoff   41         0.04654    0.05488  17.9%  34.1 2510s
 13757639 1783210    0.04851   63   54    0.04654    0.05488  17.9%  37.5 2930s
 11845368 1825764     cutoff   43         0.04654    0.05488  17.9%  34.1 2515s
 13774234 1784599    0.05282   56   66    0.04654    0.05488  17.9%  37.5 2935s
 11866444 1828260     cutoff   52         0.04654    0.05488  17.9%  34.1 2520s
 13797199 1786551    0.05488   54   56    0.04654    0.05488  17.9%  37.6 2940s
 11886090 1830861    0.04957   46   42    0.04654    0.05488  17.9%  34.1 2525s
 13821990 1788389     cutoff   54         0.04654    0.05488  17.9%  37.6 2945s
 11914041 1834995     cutoff   47         0.04654    0.05488  17.9%  34.1 2530s
 13829871 1789043    0.05051   59   56    0.04654    0.05488  17.9%  37.6 2950s
 11931373 1837578    0.05488   45   46    0.04654    0.05488  17.9%  34.1 2535s
 13855253 1791122    0.04857   53   52    0.04654    0.05488  17.9%  37.6 2955s
 11956682 1840878    0.04666   58   49    0.04654    0.05488  17.9%  34.1 2540s
 13880996 1793264    0.04822   62   56    0.04654    0.05488  17.9%  37.5 2960s
 11972189 1843275     cutoff   45         0.04654    0.05488  17.9%  34.1 2545s
 13903751 1795202    0.05031   58   48    0.04654    0.05488  17.9%  37.6 2965s
 11998412 1847085     cutoff   40         0.04654    0.05488  17.9%  34.1 2550s
 13915871 1796395    0.05340   50   54    0.04654    0.05488  17.9%  37.6 2970s
 12020625 1850234    0.05487   44   52    0.04654    0.05488  17.9%  34.1 2555s
 13942853 1798907    0.05488   48   51    0.04654    0.05488  17.9%  37.5 2975s
 12034399 1852038    0.04838   45   57    0.04654    0.05488  17.9%  34.1 2560s
 13966664 1800815     cutoff   61         0.04654    0.05488  17.9%  37.6 2980s
 12059142 1855429    0.05431   53   52    0.04654    0.05488  17.9%  34.1 2565s
 13980401 1802230    0.05488   59   50    0.04654    0.05488  17.9%  37.6 2985s
 12079995 1858059    0.04835   48   60    0.04654    0.05488  17.9%  34.1 2570s
 14003615 1804739    0.05421   53   64    0.04654    0.05488  17.9%  37.6 2990s
 12102303 1861554    0.05177   51   56    0.04654    0.05488  17.9%  34.1 2575s
 14028438 1807361    0.05045   57   59    0.04654    0.05488  17.9%  37.6 2995s
 12119956 1864610    0.05488   36   43    0.04654    0.05488  17.9%  34.1 2580s
 14046933 1809048     cutoff   33         0.04654    0.05488  17.9%  37.6 3000s
 12145978 1868661    0.05459   34   49    0.04654    0.05488  17.9%  34.1 2585s
 14063072 1810751    0.05053   58   53    0.04654    0.05488  17.9%  37.6 3005s
 12169471 1871884     cutoff   47         0.04654    0.05488  17.9%  34.1 2590s
 14085501 1813302    0.05035   39   56    0.04654    0.05488  17.9%  37.6 3010s
 12191038 1875018    0.04930   46   54    0.04654    0.05488  17.9%  34.1 2595s
 14108528 1816244    0.04839   45   53    0.04654    0.05488  17.9%  37.6 3015s
 12216102 1878265    0.04999   47   55    0.04654    0.05488  17.9%  34.1 2600s
 14121315 1817494     cutoff   55         0.04654    0.05488  17.9%  37.6 3020s
 12233736 1880258    0.05269   35   42    0.04654    0.05488  17.9%  34.1 2605s
 14145841 1819851    0.05488   58   51    0.04654    0.05488  17.9%  37.6 3025s
 12260340 1884173    0.04661   51   53    0.04654    0.05488  17.9%  34.1 2610s
 14170096 1822464    0.04994   55   58    0.04654    0.05488  17.9%  37.6 3030s
 12279401 1886679    0.05039   47   56    0.04654    0.05488  17.9%  34.1 2615s
 14189685 1824435    0.04780   59   58    0.04654    0.05488  17.9%  37.6 3035s
 12306857 1890012    0.05078   48   48    0.04654    0.05488  17.9%  34.1 2620s
 14205302 1825868    0.05019   56   58    0.04654    0.05488  17.9%  37.6 3040s
 12325503 1892009     cutoff   45         0.04654    0.05488  17.9%  34.1 2625s
 14230028 1827547     cutoff   63         0.04654    0.05488  17.9%  37.6 3045s
 12352688 1895069     cutoff   49         0.04654    0.05488  17.9%  34.1 2630s
 14252815 1829161    0.04844   68   58    0.04654    0.05488  17.9%  37.6 3050s
 12369890 1896865    0.05095   51   56    0.04654    0.05488  17.9%  34.1 2635s
 14262922 1829845    0.04840   55   54    0.04654    0.05488  17.9%  37.6 3055s
 12397505 1900061    0.05488   32   41    0.04654    0.05488  17.9%  34.0 2640s
 14286624 1831416    0.05470   53   46    0.04654    0.05488  17.9%  37.6 3060s
 12416262 1902603    0.05488   41   54    0.04654    0.05488  17.9%  34.0 2645s
 14311742 1833544    0.05174   43   83    0.04654    0.05488  17.9%  37.6 3065s
 12442531 1906562    0.05488   39   45    0.04654    0.05488  17.9%  34.0 2650s
 14327922 1834869    0.05213   55   53    0.04654    0.05488  17.9%  37.6 3070s
 12459613 1909269    0.05409   44   45    0.04654    0.05488  17.9%  34.0 2655s
 14348073 1836785    0.04764   54   39    0.04654    0.05488  17.9%  37.6 3075s
 12486306 1913413 infeasible   50         0.04654    0.05488  17.9%  34.0 2660s
 14371796 1839096    0.04982   52   57    0.04654    0.05488  17.9%  37.6 3080s
 12505793 1915575    0.05367   46   55    0.04654    0.05488  17.9%  34.0 2665s
 14390955 1841128    0.04669   52   59    0.04654    0.05488  17.9%  37.6 3085s
 12528749 1918291    0.05181   51   54    0.04654    0.05488  17.9%  34.0 2670s
 14408590 1842921    0.05488   58   50    0.04654    0.05488  17.9%  37.6 3090s
 12554096 1921404    0.04881   50   45    0.04654    0.05488  17.9%  34.0 2675s
 14432581 1844961    0.05132   50   58    0.04654    0.05488  17.9%  37.6 3095s
 12569828 1923472    0.05363   47   47    0.04654    0.05488  17.9%  34.0 2680s
 14457039 1847093    0.05234   54   58    0.04654    0.05488  17.9%  37.6 3100s
 12598322 1927667    0.05488   36   63    0.04654    0.05488  17.9%  34.0 2685s
 14470011 1848211    0.05488   62   48    0.04654    0.05488  17.9%  37.6 3105s
 12615525 1930137    0.05488   46   38    0.04654    0.05488  17.9%  34.0 2690s
 14493675 1850244    0.05488   33   61    0.04654    0.05488  17.9%  37.6 3110s
 12642294 1933541    0.04739   44   53    0.04654    0.05488  17.9%  34.0 2695s
 14517947 1852821     cutoff   53         0.04654    0.05488  17.9%  37.6 3115s
 12663903 1936399    0.04993   42   53    0.04654    0.05488  17.9%  34.0 2700s
 14529218 1854126    0.05386   44   55    0.04654    0.05488  17.9%  37.6 3120s
 12684782 1939258    0.05067   50   55    0.04654    0.05488  17.9%  34.0 2705s
 14553612 1856968    0.05488   52   61    0.04654    0.05488  17.9%  37.6 3125s
 12710294 1942645     cutoff   53         0.04654    0.05488  17.9%  34.0 2710s
 14579937 1859353     cutoff   55         0.04654    0.05488  17.9%  37.6 3130s
 12729379 1945434    0.04992   42   56    0.04654    0.05488  17.9%  34.0 2715s
 14590268 1860482     cutoff   48         0.04654    0.05488  17.9%  37.6 3135s
 14612975 1862752    0.05007   49   55    0.04654    0.05488  17.9%  37.6 3140s
 12752899 1950460     cutoff   49         0.04654    0.05488  17.9%  34.0 2723s
 12771325 1951706    0.05488   49   49    0.04654    0.05488  17.9%  34.0 2725s
 14637907 1865339    0.04776   51   53    0.04654    0.05488  17.9%  37.6 3145s
 12798355 1955470    0.04829   49   49    0.04654    0.05488  17.9%  34.0 2730s
 14656603 1866725    0.05488   48   46    0.04654    0.05488  17.9%  37.6 3150s
 12812195 1957901    0.05045   52   59    0.04654    0.05488  17.9%  34.0 2735s
 14671518 1868382    0.05488   35   43    0.04654    0.05488  17.9%  37.6 3155s
 12838027 1961761    0.05018   56   59    0.04654    0.05488  17.9%  34.0 2740s
 14695244 1870902    0.05352   48   70    0.04654    0.05488  17.9%  37.6 3160s
 12859541 1964785     cutoff   45         0.04654    0.05488  17.9%  34.0 2745s
 14717009 1873291    0.04905   40   68    0.04654    0.05488  17.9%  37.6 3165s
 12878936 1967701     cutoff   52         0.04654    0.05488  17.9%  34.0 2750s
 14725912 1874096    0.05068   43   54    0.04654    0.05488  17.9%  37.6 3170s
 12904083 1971238    0.04887   40   66    0.04654    0.05488  17.9%  34.0 2755s
 14747370 1876985    0.05488   43   67    0.04654    0.05488  17.9%  37.6 3175s
 12919354 1973388    0.04873   63   56    0.04654    0.05488  17.9%  34.0 2760s
 14772378 1879913    0.04815   49   61    0.04654    0.05488  17.9%  37.6 3180s
 12944074 1976878     cutoff   49         0.04654    0.05488  17.9%  34.0 2765s
 14797312 1882293    0.04767   51   51    0.04654    0.05488  17.9%  37.6 3185s
 12964891 1979566    0.04860   44   55    0.04654    0.05488  17.9%  34.0 2770s
 14808760 1883726    0.04909   48   57    0.04654    0.05488  17.9%  37.6 3190s
 12984752 1981675    0.05488   41   47    0.04654    0.05488  17.9%  34.0 2775s
 14832428 1886361    0.05488   32   51    0.04654    0.05488  17.9%  37.6 3195s
 13006885 1983979    0.05012   47   53    0.04654    0.05488  17.9%  34.0 2780s
 14855373 1889258     cutoff   32         0.04654    0.05488  17.9%  37.6 3200s
 13021670 1985817 infeasible   40         0.04654    0.05488  17.9%  34.0 2785s
 14867303 1890666     cutoff   43         0.04654    0.05488  17.9%  37.6 3205s
 13046115 1988844    0.05425   46   65    0.04654    0.05488  17.9%  34.0 2790s
 14892160 1893690    0.04902   52   57    0.04654    0.05488  17.9%  37.6 3210s
 13063612 1990892    0.04973   39   59    0.04654    0.05488  17.9%  34.0 2795s
 14916081 1896249    0.04877   47   68    0.04654    0.05488  17.9%  37.6 3215s
 13086810 1993731    0.04717   35   55    0.04654    0.05488  17.9%  34.0 2800s
 14927300 1897436    0.05224   41   54    0.04654    0.05488  17.9%  37.6 3220s
 13111865 1997189    0.05095   43   48    0.04654    0.05488  17.9%  34.0 2805s
 14950358 1900133     cutoff   55         0.04654    0.05488  17.9%  37.6 3225s
 13126542 1999107    0.05488   38   65    0.04654    0.05488  17.9%  34.0 2810s
 14973822 1902836     cutoff   54         0.04654    0.05488  17.9%  37.6 3230s
 13152293 2002894     cutoff   47         0.04654    0.05488  17.9%  34.0 2815s
 14996131 1904930     cutoff   69         0.04654    0.05488  17.9%  37.6 3235s
 13168835 2005447    0.04733   46   43    0.04654    0.05488  17.9%  34.0 2820s
 15011520 1906715    0.05290   52   53    0.04654    0.05488  17.9%  37.6 3240s
 13190323 2008826    0.05227   40   47    0.04654    0.05488  17.9%  34.0 2825s
 15036418 1909567    0.05488   40   43    0.04654    0.05488  17.9%  37.6 3245s
 13215731 2012322    0.05177   52   55    0.04654    0.05488  17.9%  34.0 2830s
 15057335 1911842     cutoff   53         0.04654    0.05488  17.9%  37.6 3250s
 13230688 2014252    0.05488   45   34    0.04654    0.05488  17.9%  34.0 2835s
 15070191 1913520    0.04893   49   52    0.04654    0.05488  17.9%  37.6 3255s
 13256011 2017644    0.04853   47   42    0.04654    0.05488  17.9%  34.0 2840s
 15090963 1915748    0.05488   48   54    0.04654    0.05488  17.9%  37.6 3260s
 13272318 2020056    0.05315   51   56    0.04654    0.05488  17.9%  34.0 2845s
 15113664 1917885    0.04858   59   51    0.04654    0.05488  17.9%  37.6 3265s
 13297403 2023960    0.05002   47   54    0.04654    0.05488  17.9%  34.0 2850s
 15124781 1918950     cutoff   42         0.04654    0.05488  17.9%  37.6 3270s
 13320731 2027078    0.05483   40   55    0.04654    0.05488  17.9%  34.0 2855s
 15145097 1920578    0.04838   58   54    0.04654    0.05488  17.9%  37.6 3275s
 13332138 2029253    0.05341   35   69    0.04654    0.05488  17.9%  34.0 2860s
 15161664 1921895    0.04873   60   43    0.04654    0.05488  17.9%  37.6 3280s
 13350075 2032565    0.05488   42   26    0.04654    0.05488  17.9%  34.0 2865s
 15171352 1922724     cutoff   60         0.04654    0.05488  17.9%  37.6 3285s
 13370593 2035776    0.05360   51   53    0.04654    0.05488  17.9%  34.0 2870s
 15188104 1924289    0.05399   40   45    0.04654    0.05488  17.9%  37.6 3290s
 13381349 2037555    0.05011   52   55    0.04654    0.05488  17.9%  34.0 2875s
 15205513 1925758    0.04918   61   58    0.04654    0.05488  17.9%  37.6 3295s
H15213468 1926517                       0.0465374    0.05488  17.9%  37.6 3297s
 13404730 2040601    0.05441   43   61    0.04654    0.05488  17.9%  34.0 2880s
 15217944 1927024 infeasible   51         0.04654    0.05488  17.9%  37.6 3300s
 13422582 2042594    0.05301   50   53    0.04654    0.05488  17.9%  34.0 2885s
 15234499 1928996    0.05479   54   58    0.04654    0.05488  17.9%  37.6 3305s
 13441731 2045338    0.05193   41   63    0.04654    0.05488  17.9%  34.0 2890s
 15254641 1931191    0.05488   39   39    0.04654    0.05488  17.9%  37.7 3310s
 13465364 2048369    0.05419   48   50    0.04654    0.05488  17.9%  34.0 2895s
 15270407 1932835    0.04689   52   37    0.04654    0.05488  17.9%  37.7 3315s
 13481888 2050396    0.05488   35   52    0.04654    0.05488  17.9%  34.0 2900s
 15285943 1934365    0.05244   55   68    0.04654    0.05488  17.9%  37.7 3320s
 13502724 2052730     cutoff   55         0.04654    0.05488  17.9%  34.0 2905s
 15305593 1936280     cutoff   52         0.04654    0.05488  17.9%  37.7 3325s
 13526217 2055429    0.04750   47   55    0.04654    0.05488  17.9%  34.0 2910s
 15322314 1937414    0.05179   41   62    0.04654    0.05488  17.9%  37.7 3330s
 13538246 2057211 infeasible   58         0.04654    0.05488  17.9%  34.0 2915s
 15334496 1938755    0.05488   52   56    0.04654    0.05488  17.9%  37.7 3335s
 13561797 2060162    0.05120   40   61    0.04654    0.05488  17.9%  34.0 2920s
 15357609 1941020    0.05271   48   56    0.04654    0.05488  17.9%  37.7 3340s
 13587079 2063201     cutoff   58         0.04654    0.05488  17.9%  34.0 2925s
 15379601 1943491    0.05488   50   64    0.04654    0.05488  17.9%  37.7 3345s
 13600475 2064941     cutoff   52         0.04654    0.05488  17.9%  34.0 2930s
 15391719 1944770    0.05402   40   54    0.04654    0.05488  17.9%  37.7 3350s
 13624877 2067706    0.04765   40   50    0.04654    0.05488  17.9%  34.0 2935s
 15413617 1946916     cutoff   45         0.04654    0.05488  17.9%  37.7 3355s
 13648775 2070635    0.04765   48   53    0.04654    0.05488  17.9%  34.0 2940s
 15436889 1949542    0.05015   42   67    0.04654    0.05488  17.9%  37.7 3360s
 13663046 2072240     cutoff   62         0.04654    0.05488  17.9%  34.0 2945s
 15447314 1950700     cutoff   53         0.04654    0.05488  17.9%  37.7 3365s
 13686686 2075381     cutoff   52         0.04654    0.05488  17.9%  34.0 2950s
 15468401 1952802     cutoff   57         0.04654    0.05488  17.9%  37.7 3370s
 13702797 2077625    0.05234   42   52    0.04654    0.05488  17.9%  34.0 2955s
 15491722 1955170    0.04935   56   55    0.04654    0.05488  17.9%  37.7 3375s
 13725055 2080468     cutoff   49         0.04654    0.05488  17.9%  34.0 2960s
 15503910 1956396    0.05028   48   64    0.04654    0.05488  17.9%  37.7 3380s
 13748388 2083250    0.04959   45   49    0.04654    0.05488  17.9%  34.0 2965s
 15519264 1957897     cutoff   49         0.04654    0.05488  17.9%  37.7 3385s
 13757876 2084350    0.05488   49   45    0.04654    0.05488  17.9%  34.0 2970s
 15538648 1959840    0.05476   44   66    0.04654    0.05488  17.9%  37.7 3390s
 13780936 2087166     cutoff   51         0.04654    0.05488  17.9%  34.0 2975s
 15561404 1962071    0.04769   44   50    0.04654    0.05488  17.9%  37.7 3395s
 13803100 2089452     cutoff   58         0.04654    0.05488  17.9%  34.0 2980s
 15570690 1963054    0.04665   55   56    0.04654    0.05488  17.9%  37.7 3400s
 13815456 2090745    0.05041   47   60    0.04654    0.05488  17.9%  34.0 2985s
 15592984 1965242    0.05243   51   58    0.04654    0.05488  17.9%  37.7 3405s
 13837068 2093504    0.04850   51   47    0.04654    0.05488  17.9%  34.0 2990s
 15614115 1967161    0.05451   51   60    0.04654    0.05488  17.9%  37.7 3410s
 13856939 2096330    0.04747   48   57    0.04654    0.05488  17.9%  34.0 2995s
 15636255 1969053    0.05087   56   57    0.04654    0.05488  17.9%  37.7 3415s
 13869435 2098432 infeasible   47         0.04654    0.05488  17.9%  34.0 3000s
 15645804 1970256     cutoff   55         0.04654    0.05488  17.9%  37.7 3420s
 13892390 2101635    0.05254   52   51    0.04654    0.05488  17.9%  34.0 3005s
 15667713 1973554    0.05488   35   52    0.04654    0.05488  17.9%  37.7 3425s
 13915542 2104483     cutoff   51         0.04654    0.05488  17.9%  34.0 3010s
 15689579 1976758    0.05223   58   47    0.04654    0.05488  17.9%  37.7 3430s
 13929800 2106248     cutoff   58         0.04654    0.05488  17.9%  34.0 3015s
 15704684 1978756    0.05162   49   60    0.04654    0.05488  17.9%  37.7 3435s
 13948412 2109143     cutoff   47         0.04654    0.05488  17.9%  34.0 3020s
 15724644 1981510    0.05488   48   59    0.04654    0.05488  17.9%  37.7 3440s
 13961863 2111255    0.05056   34   54    0.04654    0.05488  17.9%  34.0 3025s
 15747406 1984043     cutoff   60         0.04654    0.05488  17.9%  37.7 3445s
 13984664 2115295    0.05180   55   57    0.04654    0.05488  17.9%  34.0 3030s
 15763578 1986452     cutoff   58         0.04654    0.05488  17.9%  37.7 3453s
 14006011 2118429    0.05488   33   69    0.04654    0.05488  17.9%  34.0 3035s
 15781849 1987366 infeasible   52         0.04654    0.05488  17.9%  37.7 3455s
 14019033 2120694    0.05488   32   52    0.04654    0.05488  17.9%  34.0 3040s
 15804712 1989422     cutoff   62         0.04654    0.05488  17.9%  37.7 3460s
 14043122 2124729    0.04747   38   56    0.04654    0.05488  17.9%  34.0 3045s
 15826108 1991683     cutoff   61         0.04654    0.05488  17.9%  37.7 3465s
 14062933 2127745     cutoff   34         0.04654    0.05488  17.9%  34.0 3050s
 15837421 1992568    0.04841   63   38    0.04654    0.05488  17.9%  37.7 3470s
 14079518 2130265    0.05028   37   56    0.04654    0.05488  17.9%  34.0 3055s
 15859201 1994461    0.04932   65   48    0.04654    0.05488  17.9%  37.7 3475s
 14099253 2133165     cutoff   51         0.04654    0.05488  17.9%  34.0 3060s
 15879148 1996625     cutoff   50         0.04654    0.05488  17.9%  37.7 3480s
 14111021 2134727    0.04929   35   60    0.04654    0.05488  17.9%  34.0 3065s
 15893755 1997790    0.05225   61   52    0.04654    0.05488  17.9%  37.7 3485s
 14130429 2137943    0.05488   31   38    0.04654    0.05488  17.9%  34.0 3070s
 15909418 1999228    0.05488   45   31    0.04654    0.05488  17.9%  37.7 3490s
 14151118 2141283    0.05488   47   61    0.04654    0.05488  17.9%  34.0 3075s
 15933426 2001463    0.05488   42   54    0.04654    0.05488  17.9%  37.7 3495s
 14163305 2143470    0.05246   36   56    0.04654    0.05488  17.9%  34.0 3080s
 15957571 2004009    0.05252   54   48    0.04654    0.05488  17.9%  37.7 3500s
 14186699 2147693    0.05488   40   56    0.04654    0.05488  17.9%  34.0 3085s
 15963062 2005243     cutoff   45         0.04654    0.05488  17.9%  37.7 3505s
 14208053 2151327    0.04704   47   54    0.04654    0.05488  17.9%  34.0 3090s
 15993172 2007856    0.05235   52   54    0.04654    0.05488  17.9%  37.7 3510s
 14223759 2153428     cutoff   45         0.04654    0.05488  17.9%  34.0 3095s
 16015892 2010109    0.04727   53   55    0.04654    0.05488  17.9%  37.7 3515s
 14247570 2156582    0.05488   33   57    0.04654    0.05488  17.9%  34.0 3100s
 16028911 2011409    0.05410   55   56    0.04654    0.05488  17.9%  37.7 3520s
 14265152 2158925     cutoff   38         0.04654    0.05488  17.9%  34.0 3105s
 16049960 2013332    0.04676   53   66    0.04654    0.05488  17.9%  37.7 3525s
 14287485 2162134    0.05488   37   55    0.04654    0.05488  17.9%  34.0 3110s
 16073898 2015951    0.04662   53   48    0.04654    0.05488  17.9%  37.7 3530s
 14306661 2164922    0.04865   41   55    0.04654    0.05488  17.9%  34.0 3115s
 16087121 2017370    0.05218   44   57    0.04654    0.05488  17.9%  37.7 3535s
 14319250 2167060    0.05488   44   47    0.04654    0.05488  17.9%  34.0 3120s
 16100030 2018976    0.05151   46   64    0.04654    0.05488  17.9%  37.7 3540s
 14339468 2170289    0.05488   45   50    0.04654    0.05488  17.9%  34.0 3125s
 16119077 2021165     cutoff   54         0.04654    0.05488  17.9%  37.7 3545s
 14357235 2172750    0.05302   50   56    0.04654    0.05488  17.9%  34.0 3130s
 16137050 2023066    0.04693   54   55    0.04654    0.05488  17.9%  37.7 3550s
 14364944 2173884    0.04748   35   53    0.04654    0.05488  17.9%  34.0 3135s
 16152615 2024718 infeasible   46         0.04654    0.05488  17.9%  37.7 3555s
 14381448 2176423    0.04973   45   41    0.04654    0.05488  17.9%  34.0 3140s
 16160015 2025552 infeasible   45         0.04654    0.05488  17.9%  37.7 3560s
 14401715 2179489    0.04770   49   60    0.04654    0.05488  17.9%  34.0 3145s
 16183361 2027983    0.05383   57   57    0.04654    0.05488  17.9%  37.7 3565s
 14417726 2181511     cutoff   55         0.04654    0.05488  17.9%  34.0 3150s
 16207112 2030637    0.05488   53   56    0.04654    0.05488  17.9%  37.7 3570s
 14435650 2184078     cutoff   50         0.04654    0.05488  17.9%  34.0 3155s
 16219742 2031998    0.05249   59   53    0.04654    0.05488  17.9%  37.7 3575s
 14456346 2187314     cutoff   45         0.04654    0.05488  17.9%  34.0 3160s
 16237774 2034084    0.04716   50   56    0.04654    0.05488  17.9%  37.7 3580s
 14472055 2189731 infeasible   55         0.04654    0.05488  17.9%  34.0 3165s
 16260874 2036500    0.05314   56   51    0.04654    0.05488  17.9%  37.7 3585s
 14493795 2192807    0.04985   61   56    0.04654    0.05488  17.9%  34.0 3170s
 16282760 2038970    0.05488   55   52    0.04654    0.05488  17.9%  37.7 3590s
 14508644 2195013     cutoff   48         0.04654    0.05488  17.9%  34.0 3175s
 16292862 2040255    0.05488   45   46    0.04654    0.05488  17.9%  37.7 3595s
 14527004 2197325    0.05279   41   59    0.04654    0.05488  17.9%  34.0 3180s
 16314743 2042836    0.05488   53   57    0.04654    0.05488  17.9%  37.7 3600s
 14548887 2199929    0.04685   52   55    0.04654    0.05488  17.9%  34.0 3185s
 16333221 2045030    0.05115   49   46    0.04654    0.05488  17.9%  37.7 3605s
 14558647 2201128    0.04661   57   55    0.04654    0.05488  17.9%  34.0 3190s
 16349674 2047058    0.04795   51   51    0.04654    0.05488  17.9%  37.7 3610s
 14579456 2203591    0.05387   39   46    0.04654    0.05488  17.9%  34.0 3195s
 16365713 2048754     cutoff   59         0.04654    0.05488  17.9%  37.7 3615s
 14601472 2206233     cutoff   42         0.04654    0.05488  17.9%  34.1 3200s
 16390030 2050966    0.05020   52   61    0.04654    0.05488  17.9%  37.7 3620s
 14615160 2208054     cutoff   47         0.04654    0.05488  17.9%  34.1 3205s
 16409062 2052676     cutoff   60         0.04654    0.05488  17.9%  37.7 3625s
 14637114 2210903     cutoff   44         0.04654    0.05488  17.9%  34.1 3210s
 16423429 2053967    0.04732   58   61    0.04654    0.05488  17.9%  37.7 3630s
 14656636 2213439     cutoff   42         0.04654    0.05488  17.9%  34.1 3215s
 16447455 2056465    0.05078   56   63    0.04654    0.05488  17.9%  37.7 3635s
 14670777 2215754    0.05488   40   46    0.04654    0.05488  17.9%  34.1 3220s
 16471100 2058550     cutoff   63         0.04654    0.05488  17.9%  37.7 3640s
 14694054 2218823    0.05348   41   73    0.04654    0.05488  17.9%  34.1 3225s
 16483427 2059742    0.04811   61   53    0.04654    0.05488  17.9%  37.7 3645s
 14711570 2221107    0.05237   43   52    0.04654    0.05488  17.9%  34.1 3230s
 16506396 2061832     cutoff   64         0.04654    0.05488  17.9%  37.7 3650s
 14730129 2223429     cutoff   55         0.04654    0.05488  17.9%  34.1 3235s
 16526543 2063374    0.05488   49   49    0.04654    0.05488  17.9%  37.7 3655s
 14752468 2226328    0.05488   43   59    0.04654    0.05488  17.9%  34.1 3240s
 16540171 2064669    0.05024   56   56    0.04654    0.05488  17.9%  37.7 3660s
 14764856 2228042    0.04993   32   61    0.04654    0.05488  17.9%  34.1 3245s
 16564613 2067244    0.05488   60   40    0.04654    0.05488  17.9%  37.7 3665s
 14783403 2230573     cutoff   46         0.04654    0.05488  17.9%  34.1 3250s
 16582013 2069377    0.05488   53   44    0.04654    0.05488  17.9%  37.7 3670s
 14800222 2232713    0.05170   45   58    0.04654    0.05488  17.9%  34.1 3255s
 14815339 2234765     cutoff   55         0.04654    0.05488  17.9%  34.1 3260s
 16597317 2071966    0.05273   46   61    0.04654    0.05488  17.9%  37.7 3680s
 14826829 2236563    0.04664   42   60    0.04654    0.05488  17.9%  34.1 3265s
 16626118 2074048    0.05321   51   43    0.04654    0.05488  17.9%  37.7 3685s
 14846801 2239911    0.05018   48   54    0.04654    0.05488  17.9%  34.1 3270s
 16643029 2075837    0.05488   49   53    0.04654    0.05488  17.9%  37.7 3690s
 14868174 2242503    0.04688   48   52    0.04654    0.05488  17.9%  34.1 3275s
 16664207 2077842     cutoff   62         0.04654    0.05488  17.9%  37.7 3695s
 14881855 2244350     cutoff   52         0.04654    0.05488  17.9%  34.1 3280s
 16673782 2078907     cutoff   33         0.04654    0.05488  17.9%  37.7 3700s
 14903102 2247229    0.04756   49   52    0.04654    0.05488  17.9%  34.1 3285s
 16697477 2082087    0.05188   41   65    0.04654    0.05488  17.9%  37.7 3705s
 14915595 2248646     cutoff   43         0.04654    0.05488  17.9%  34.1 3290s
 16720469 2086094    0.05488   51   48    0.04654    0.05488  17.9%  37.7 3710s
 14937501 2251818    0.05287   36   46    0.04654    0.05488  17.9%  34.1 3295s
 16732326 2089442    0.04833   49   58    0.04654    0.05488  17.9%  37.7 3716s
 14960270 2254999    0.04710   36   56    0.04654    0.05488  17.9%  34.1 3300s
 16758246 2092026    0.05488   44   52    0.04654    0.05488  17.9%  37.7 3720s
 14969402 2257536    0.05440   43   54    0.04654    0.05488  17.9%  34.1 3306s
 16780793 2094833     cutoff   55         0.04654    0.05488  17.9%  37.7 3725s
 14997243 2259746     cutoff   57         0.04654    0.05488  17.9%  34.1 3310s
 16793180 2096227    0.05118   56   61    0.04654    0.05488  17.9%  37.7 3730s
 16816743 2098597     cutoff   40         0.04654    0.05488  17.9%  37.7 3735s
 15018654 2263836     cutoff   47         0.04654    0.05488  17.9%  34.1 3318s
 15030471 2264418    0.05397   60   41    0.04654    0.05488  17.9%  34.1 3320s
 16841153 2101258    0.04897   51   47    0.04654    0.05488  17.9%  37.7 3740s
 15055759 2268143     cutoff   45         0.04654    0.05488  17.9%  34.1 3325s
 16854032 2103090    0.05349   56   60    0.04654    0.05488  17.9%  37.7 3745s
 15067136 2269776     cutoff   46         0.04654    0.05488  17.9%  34.1 3330s
 16878071 2105893 infeasible   41         0.04654    0.05488  17.9%  37.7 3750s
 15089203 2272866    0.04710   45   53    0.04654    0.05488  17.9%  34.1 3335s
 16899495 2108081    0.05384   54   58    0.04654    0.05488  17.9%  37.7 3755s
 15112471 2276153     cutoff   47         0.04654    0.05488  17.9%  34.2 3340s
 16912542 2109714    0.05488   57   62    0.04654    0.05488  17.9%  37.7 3760s
 15130165 2278203    0.04846   42   49    0.04654    0.05488  17.9%  34.2 3345s
 16938446 2112896    0.04894   43   70    0.04654    0.05488  17.9%  37.7 3765s
 15146382 2280572    0.05248   34   47    0.04654    0.05488  17.9%  34.2 3350s
 16960720 2115972    0.05488   40   57    0.04654    0.05488  17.9%  37.7 3770s
 15168093 2283656 infeasible   53         0.04654    0.05488  17.9%  34.2 3355s
 16975252 2117919    0.05215   42   54    0.04654    0.05488  17.9%  37.7 3775s
 15189103 2286594    0.05488   36   50    0.04654    0.05488  17.9%  34.2 3360s
 16998257 2120813    0.05313   46   68    0.04654    0.05488  17.9%  37.7 3780s
 15205468 2288998    0.04753   38   56    0.04654    0.05488  17.9%  34.2 3365s
 17019234 2123430    0.05389   54   64    0.04654    0.05488  17.9%  37.7 3785s
 15229059 2292611    0.04895   41   63    0.04654    0.05488  17.9%  34.2 3370s
 17032679 2125414     cutoff   56         0.04654    0.05488  17.9%  37.7 3790s
 15245900 2295178     cutoff   48         0.04654    0.05488  17.9%  34.2 3375s
 17056876 2128212    0.04869   53   57    0.04654    0.05488  17.9%  37.7 3795s
 15267708 2298465 infeasible   46         0.04654    0.05488  17.9%  34.2 3380s
 17080511 2130813     cutoff   44         0.04654    0.05488  17.9%  37.7 3800s
 15280338 2300195    0.04989   41   60    0.04654    0.05488  17.9%  34.2 3385s
 17094539 2132697    0.05066   47   53    0.04654    0.05488  17.9%  37.7 3805s
 15303966 2303361    0.05488   43   57    0.04654    0.05488  17.9%  34.2 3390s
 17117286 2135631     cutoff   58         0.04654    0.05488  17.9%  37.7 3810s
 15321777 2305820    0.05263   46   63    0.04654    0.05488  17.9%  34.2 3395s
 17141896 2138542     cutoff   58         0.04654    0.05488  17.9%  37.7 3815s
 15335840 2307780    0.05197   41   53    0.04654    0.05488  17.9%  34.2 3400s
 17154090 2139972    0.05302   52   61    0.04654    0.05488  17.9%  37.7 3820s
 15357507 2310985    0.05156   52   51    0.04654    0.05488  17.9%  34.2 3405s
 17176644 2142618    0.05393   46   57    0.04654    0.05488  17.9%  37.7 3825s
 15375664 2313932    0.05075   52   55    0.04654    0.05488  17.9%  34.2 3410s
 17199242 2145401    0.04906   50   47    0.04654    0.05488  17.9%  37.7 3830s
 15388085 2315850     cutoff   49         0.04654    0.05488  17.9%  34.2 3415s
 17208909 2146779    0.04832   49   53    0.04654    0.05488  17.9%  37.7 3835s
 15409789 2318788    0.05488   32   61    0.04654    0.05488  17.9%  34.2 3420s
 17232372 2149530    0.04695   50   44    0.04654    0.05488  17.9%  37.7 3840s
 15429751 2321515 infeasible   41         0.04654    0.05488  17.9%  34.2 3425s
 17255146 2152321     cutoff   53         0.04654    0.05488  17.9%  37.8 3845s
 15444455 2323910 infeasible   42         0.04654    0.05488  17.9%  34.2 3430s
 17267261 2153596    0.05455   43   79    0.04654    0.05488  17.9%  37.8 3850s
 15468336 2327799    0.05195   55   54    0.04654    0.05488  17.9%  34.2 3435s
 17290953 2156100     cutoff   51         0.04654    0.05488  17.9%  37.8 3855s
 15482676 2329984    0.04899   52   64    0.04654    0.05488  17.9%  34.2 3440s
 17315864 2159021    0.04828   57   51    0.04654    0.05488  17.9%  37.8 3860s
 15504515 2333025    0.05421   43   60    0.04654    0.05488  17.9%  34.3 3445s
 17328145 2160602    0.05488   47   32    0.04654    0.05488  17.9%  37.8 3865s
 15528108 2336416     cutoff   55         0.04654    0.05488  17.9%  34.3 3450s
 17350592 2163654    0.05488   45   59    0.04654    0.05488  17.9%  37.8 3870s
 15539931 2338083    0.05371   43   56    0.04654    0.05488  17.9%  34.3 3455s
 17376673 2167315     cutoff   51         0.04654    0.05488  17.9%  37.8 3875s
 15559144 2340843    0.05244   41   65    0.04654    0.05488  17.9%  34.3 3460s
 17388563 2168874    0.05113   45   68    0.04654    0.05488  17.9%  37.8 3880s
 15576749 2343282    0.04708   52   54    0.04654    0.05488  17.9%  34.3 3465s
 17415184 2172325    0.04984   49   58    0.04654    0.05488  17.9%  37.8 3885s
 15592799 2345799    0.04723   38   52    0.04654    0.05488  17.9%  34.3 3470s
 17440012 2175714     cutoff   59         0.04654    0.05488  17.9%  37.8 3890s
 15614459 2349380    0.05223   31   57    0.04654    0.05488  17.9%  34.3 3475s
 17451189 2176931    0.05005   43   57    0.04654    0.05488  17.9%  37.8 3895s
 15630554 2351950    0.05104   45   42    0.04654    0.05488  17.9%  34.3 3480s
 17475154 2180307    0.05107   46   53    0.04654    0.05488  17.9%  37.8 3900s
 15649036 2354741    0.05488   42   51    0.04654    0.05488  17.9%  34.3 3485s
 17499764 2183299    0.05256   53   37    0.04654    0.05488  17.9%  37.8 3905s
 15671438 2358339    0.05488   43   53    0.04654    0.05488  17.9%  34.3 3490s
 17511397 2184694 infeasible   50         0.04654    0.05488  17.9%  37.8 3910s
 15686913 2361075    0.05081   46   66    0.04654    0.05488  17.9%  34.3 3495s
 17532637 2187697    0.04890   58   48    0.04654    0.05488  17.9%  37.8 3915s
 15707245 2364212    0.05488   44   67    0.04654    0.05488  17.9%  34.3 3500s
 17556102 2190262     cutoff   48         0.04654    0.05488  17.9%  37.8 3920s
 15728264 2367678    0.04965   39   71    0.04654    0.05488  17.9%  34.3 3505s
 17571641 2191743    0.05307   50   61    0.04654    0.05488  17.9%  37.8 3925s
 15742503 2369819     cutoff   54         0.04654    0.05488  17.9%  34.3 3510s
 17590365 2194062    0.05152   51   53    0.04654    0.05488  17.9%  37.8 3930s
 15765933 2373429    0.05024   56   51    0.04654    0.05488  17.9%  34.3 3515s
 17614672 2196569    0.05488   61   42    0.04654    0.05488  17.9%  37.8 3935s
 15780681 2375995    0.04705   44   54    0.04654    0.05488  17.9%  34.3 3520s
 17638078 2199103    0.05488   55   39    0.04654    0.05488  17.9%  37.8 3940s
 15804556 2379924    0.05488   47   51    0.04654    0.05488  17.9%  34.3 3525s
 17650527 2200677     cutoff   44         0.04654    0.05488  17.9%  37.8 3945s
 15821638 2382269    0.05488   43   62    0.04654    0.05488  17.9%  34.3 3530s
 17673458 2203636    0.04715   46   61    0.04654    0.05488  17.9%  37.8 3950s
 15842221 2385050    0.04689   43   65    0.04654    0.05488  17.9%  34.3 3535s
 17697389 2206793     cutoff   55         0.04654    0.05488  17.9%  37.8 3955s
 15864091 2387901     cutoff   41         0.04654    0.05488  17.9%  34.3 3540s
 17713099 2208797    0.04801   50   55    0.04654    0.05488  17.9%  37.8 3960s
 15876931 2389374    0.05374   52   68    0.04654    0.05488  17.9%  34.3 3545s
 17732496 2211674     cutoff   51         0.04654    0.05488  17.9%  37.8 3965s
 15900166 2392412 infeasible   31         0.04654    0.05488  17.9%  34.3 3550s
 17754669 2214756    0.05488   35   56    0.04654    0.05488  17.9%  37.8 3970s
 15919928 2394759    0.04710   51   60    0.04654    0.05488  17.9%  34.3 3555s
 17771127 2217036    0.05144   43   67    0.04654    0.05488  17.9%  37.8 3975s
 15933980 2396727    0.05093   37   68    0.04654    0.05488  17.9%  34.3 3560s
 17790718 2219740     cutoff   51         0.04654    0.05488  17.9%  37.8 3980s
 15953856 2399663     cutoff   48         0.04654    0.05488  17.9%  34.4 3565s
 17813531 2222867    0.05488   52   48    0.04654    0.05488  17.9%  37.8 3985s
 15971689 2402032 infeasible   50         0.04654    0.05488  17.9%  34.4 3570s
 17838039 2226375    0.05488   39   28    0.04654    0.05488  17.9%  37.8 3990s
 15987272 2404172    0.05146   42   52    0.04654    0.05488  17.9%  34.4 3575s
 17847469 2227814    0.05133   49   45    0.04654    0.05488  17.9%  37.8 3995s
 16007746 2406678    0.05488   41   70    0.04654    0.05488  17.9%  34.4 3580s
 17870145 2230419    0.05488   42   47    0.04654    0.05488  17.9%  37.8 4000s
 16020467 2408181     cutoff   53         0.04654    0.05488  17.9%  34.4 3585s
 17895937 2233530     cutoff   47         0.04654    0.05488  17.9%  37.8 4005s
 16039795 2410987    0.05099   44   65    0.04654    0.05488  17.9%  34.4 3590s
 17908861 2235111     cutoff   37         0.04654    0.05488  17.9%  37.8 4010s
 16062801 2414536    0.04778   58   60    0.04654    0.05488  17.9%  34.4 3595s
 17930773 2238315    0.04672   46   59    0.04654    0.05488  17.9%  37.8 4015s
 16078765 2416531     cutoff   49         0.04654    0.05488  17.9%  34.4 3600s
 17954386 2241496 infeasible   51         0.04654    0.05488  17.9%  37.8 4020s
 16092723 2418843    0.05113   57   55    0.04654    0.05488  17.9%  34.4 3605s
 17971143 2243396     cutoff   48         0.04654    0.05488  17.9%  37.8 4025s
 16114475 2421567    0.05488   36   45    0.04654    0.05488  17.9%  34.4 3610s
 17986404 2245243     cutoff   57         0.04654    0.05488  17.9%  37.8 4030s
 16128737 2423307    0.05019   46   58    0.04654    0.05488  17.9%  34.4 3615s
 18009404 2248546 infeasible   36         0.04654    0.05488  17.9%  37.8 4035s
 16148409 2426434     cutoff   50         0.04654    0.05488  17.9%  34.4 3620s
 18032703 2252158    0.05488   34   39    0.04654    0.05488  17.9%  37.8 4040s
 16170711 2429402     cutoff   54         0.04654    0.05488  17.9%  34.4 3625s
 18042517 2253714 infeasible   37         0.04654    0.05488  17.9%  37.8 4045s
 16182151 2430979 infeasible   46         0.04654    0.05488  17.9%  34.4 3630s
 18066640 2257094    0.05074   52   63    0.04654    0.05488  17.9%  37.8 4050s
 16202650 2433845    0.04925   43   61    0.04654    0.05488  17.9%  34.4 3635s
 18090744 2260698    0.05488   37   49    0.04654    0.05488  17.9%  37.8 4055s
 16224008 2436831     cutoff   48         0.04654    0.05488  17.9%  34.4 3640s
 18102630 2262211    0.05393   48   64    0.04654    0.05488  17.9%  37.8 4060s
 16241051 2439086 infeasible   43         0.04654    0.05488  17.9%  34.4 3645s
 18126824 2265210    0.05172   49   48    0.04654    0.05488  17.9%  37.8 4065s
 16258500 2441171     cutoff   57         0.04654    0.05488  17.9%  34.4 3650s
 18145158 2267785 infeasible   54         0.04654    0.05488  17.9%  37.8 4070s
 16279745 2444509    0.05238   40   52    0.04654    0.05488  17.9%  34.4 3655s
 18155786 2269290    0.05370   43   63    0.04654    0.05488  17.9%  37.8 4075s
 16291346 2446357    0.05388   55   56    0.04654    0.05488  17.9%  34.4 3660s
 18181497 2272776    0.04967   42   54    0.04654    0.05488  17.9%  37.8 4080s
 16313594 2450440    0.05488   48   64    0.04654    0.05488  17.9%  34.4 3665s
 18204017 2276048    0.05488   36   44    0.04654    0.05488  17.9%  37.8 4085s
 16336895 2454336     cutoff   55         0.04654    0.05488  17.9%  34.4 3670s
 18214016 2277423    0.05371   43   46    0.04654    0.05488  17.9%  37.8 4090s
 16348203 2455951    0.05161   43   59    0.04654    0.05488  17.9%  34.4 3675s
 18236118 2280240     cutoff   47         0.04654    0.05488  17.9%  37.8 4095s
 16371569 2459676    0.04976   48   57    0.04654    0.05488  17.9%  34.4 3680s
 18259286 2283159    0.05261   50   61    0.04654    0.05488  17.9%  37.8 4100s
 16394671 2463887     cutoff   50         0.04654    0.05488  17.9%  34.4 3685s
 18283601 2286762    0.05488   36   61    0.04654    0.05488  17.9%  37.8 4105s
 16401614 2466733    0.04928   40   45    0.04654    0.05488  17.9%  34.4 3691s
 18294906 2288458     cutoff   52         0.04654    0.05488  17.9%  37.8 4110s
 16427524 2470134    0.05488   42   48    0.04654    0.05488  17.9%  34.4 3695s
 18317805 2291954    0.05488   44   62    0.04654    0.05488  17.9%  37.8 4115s
 16450524 2474726     cutoff   53         0.04654    0.05488  17.9%  34.5 3700s
 18340643 2295420    0.04957   43   65    0.04654    0.05488  17.9%  37.8 4120s
 16459337 2476412     cutoff   51         0.04654    0.05488  17.9%  34.5 3705s
 18352706 2296982    0.05371   39   53    0.04654    0.05488  17.9%  37.8 4125s
 16480885 2479903    0.04817   50   49    0.04654    0.05488  17.9%  34.5 3710s
 18375508 2300722     cutoff   57         0.04654    0.05488  17.9%  37.8 4130s
 16503590 2484006    0.05045   43   67    0.04654    0.05488  17.9%  34.5 3715s
 18396792 2303832    0.05354   51   61    0.04654    0.05488  17.9%  37.8 4135s
 16523323 2487203    0.05162   46   59    0.04654    0.05488  17.9%  34.5 3720s
 18410194 2305725    0.04831   47   46    0.04654    0.05488  17.9%  37.8 4140s
 16536275 2489753    0.05488   39   48    0.04654    0.05488  17.9%  34.5 3725s
 18433255 2308538     cutoff   53         0.04654    0.05488  17.9%  37.8 4145s
 16558907 2494787    0.05488   36   50    0.04654    0.05488  17.9%  34.5 3730s
 18446257 2309941    0.05488   48   44    0.04654    0.05488  17.9%  37.8 4150s
 16575933 2498011     cutoff   50         0.04654    0.05488  17.9%  34.5 3735s
 18469358 2312975    0.05386   32   59    0.04654    0.05488  17.9%  37.8 4155s
 16592265 2501088    0.05325   49   54    0.04654    0.05488  17.9%  34.5 3740s
 18491225 2316052    0.04862   58   46    0.04654    0.05488  17.9%  37.8 4160s
 16611950 2504389     cutoff   54         0.04654    0.05488  17.9%  34.5 3745s
 18504099 2318007     cutoff   54         0.04654    0.05488  17.9%  37.8 4165s
 16629916 2507570    0.05152   50   55    0.04654    0.05488  17.9%  34.5 3750s
 18527365 2321170    0.04665   39   49    0.04654    0.05488  17.9%  37.8 4170s
 16640283 2509857    0.04730   44   64    0.04654    0.05488  17.9%  34.5 3755s
 18550095 2324084     cutoff   46         0.04654    0.05488  17.9%  37.8 4175s
 16662434 2514596    0.05281   41   63    0.04654    0.05488  17.9%  34.5 3760s
 18560109 2325409     cutoff   50         0.04654    0.05488  17.9%  37.8 4180s
 16684703 2518960 infeasible   42         0.04654    0.05488  17.9%  34.5 3765s
 18582240 2327486    0.05269   36   66    0.04654    0.05488  17.9%  37.8 4185s
 16693702 2520567    0.05488   43   62    0.04654    0.05488  17.9%  34.5 3770s
 18603765 2329683    0.05306   43   59    0.04654    0.05488  17.9%  37.8 4190s
 16714024 2524496    0.04744   53   53    0.04654    0.05488  17.9%  34.5 3775s
 18614345 2331037     cutoff   50         0.04654    0.05488  17.9%  37.9 4195s
 16735454 2528200    0.04976   41   60    0.04654    0.05488  17.9%  34.5 3780s
 18637430 2334337     cutoff   58         0.04654    0.05488  17.9%  37.9 4200s
 16750737 2531223    0.05286   44   62    0.04654    0.05488  17.9%  34.5 3785s
 18661764 2338361    0.05363   47   68    0.04654    0.05488  17.9%  37.9 4205s
 16764753 2534196    0.05488   42   54    0.04654    0.05488  17.9%  34.5 3790s
 18672272 2339975    0.05488   42   52    0.04654    0.05488  17.9%  37.9 4210s
 16786174 2538216    0.05334   37   61    0.04654    0.05488  17.9%  34.5 3795s
 18695683 2342842    0.05191   43   57    0.04654    0.05488  17.9%  37.9 4215s
 16806626 2542046    0.05369   51   46    0.04654    0.05488  17.9%  34.5 3800s
 18717092 2345439    0.05305   48   60    0.04654    0.05488  17.9%  37.9 4220s
 16817571 2543953     cutoff   52         0.04654    0.05488  17.9%  34.5 3805s
 18726803 2346231     cutoff   53         0.04654    0.05488  17.9%  37.9 4225s
 16839468 2547959    0.05148   43   64    0.04654    0.05488  17.9%  34.5 3810s
 18749292 2348632     cutoff   46         0.04654    0.05488  17.9%  37.9 4230s
 16856234 2550857 infeasible   53         0.04654    0.05488  17.9%  34.5 3815s
 18766873 2350585     cutoff   48         0.04654    0.05488  17.9%  37.9 4235s
 16872325 2554264    0.05488   33   53    0.04654    0.05488  17.9%  34.5 3820s
 18780680 2351987     cutoff   45         0.04654    0.05488  17.9%  37.9 4240s
 16893947 2558313    0.05488   60   44    0.04654    0.05488  17.9%  34.5 3825s
 18798388 2354110     cutoff   35         0.04654    0.05488  17.9%  37.9 4245s
 16915335 2562170    0.04692   54   47    0.04654    0.05488  17.9%  34.5 3830s
 18818371 2356342    0.05241   53   60    0.04654    0.05488  17.9%  37.9 4250s
 16924626 2564153    0.05117   43   61    0.04654    0.05488  17.9%  34.6 3835s
 18837755 2358438    0.05148   41   60    0.04654    0.05488  17.9%  37.9 4255s
 16945802 2568106    0.05242   43   70    0.04654    0.05488  17.9%  34.6 3840s
 18849847 2359659    0.05152   47   67    0.04654    0.05488  17.9%  37.9 4260s
 16964352 2571457     cutoff   46         0.04654    0.05488  17.9%  34.6 3845s
 18871278 2361727    0.05010   44   64    0.04654    0.05488  17.9%  37.9 4265s
 16973074 2572743    0.05488   43   55    0.04654    0.05488  17.9%  34.6 3850s
 18891729 2363550    0.05488   35   57    0.04654    0.05488  17.9%  37.9 4270s
 16992222 2575286    0.05488   40   58    0.04654    0.05488  17.9%  34.6 3855s
 18900544 2364210    0.05291   53   54    0.04654    0.05488  17.9%  37.9 4275s
 17011171 2577777    0.04881   43   61    0.04654    0.05488  17.9%  34.6 3860s
 18920968 2366819    0.05148   47   52    0.04654    0.05488  17.9%  37.9 4280s
 17025103 2579675     cutoff   42         0.04654    0.05488  17.9%  34.6 3865s
 18941636 2369252    0.04928   45   63    0.04654    0.05488  17.9%  37.9 4285s
 17042914 2582371     cutoff   51         0.04654    0.05488  17.9%  34.6 3870s
 18955187 2370871 infeasible   49         0.04654    0.05488  17.9%  37.9 4290s
 17061272 2584665     cutoff   62         0.04654    0.05488  17.9%  34.6 3875s
 18971808 2372986     cutoff   49         0.04654    0.05488  17.9%  37.9 4295s
 17072675 2586229    0.04806   53   45    0.04654    0.05488  17.9%  34.6 3880s
 18993475 2375642    0.04922   47   58    0.04654    0.05488  17.9%  37.9 4300s
 17093766 2589027    0.05488   44   51    0.04654    0.05488  17.9%  34.6 3885s
 19004652 2376801    0.05330   39   37    0.04654    0.05488  17.9%  37.9 4305s
 17116224 2592336     cutoff   48         0.04654    0.05488  17.9%  34.6 3890s
 19024124 2378883    0.05488   41   53    0.04654    0.05488  17.9%  37.9 4310s
 17128074 2593842    0.04850   55   45    0.04654    0.05488  17.9%  34.6 3895s
 19045529 2381169    0.05029   45   67    0.04654    0.05488  17.9%  37.9 4315s
 17147300 2596787     cutoff   47         0.04654    0.05488  17.9%  34.6 3900s
 19058282 2382257    0.05332   51   62    0.04654    0.05488  17.9%  37.9 4320s
 17171344 2600354     cutoff   42         0.04654    0.05488  17.9%  34.6 3905s
 19074975 2384121     cutoff   44         0.04654    0.05488  17.9%  37.9 4325s
 17180347 2601785    0.05488   36   53    0.04654    0.05488  17.9%  34.6 3910s
 19095352 2386380    0.05488   44   51    0.04654    0.05488  17.9%  37.9 4330s
 17201704 2605504    0.05359   43   66    0.04654    0.05488  17.9%  34.6 3915s
 19115341 2388448    0.05336   47   46    0.04654    0.05488  17.9%  37.9 4335s
 17223005 2608703    0.05488   41   43    0.04654    0.05488  17.9%  34.6 3920s
 19122350 2389234    0.05334   35   61    0.04654    0.05488  17.9%  37.9 4340s
 17239865 2611603    0.05048   41   59    0.04654    0.05488  17.9%  34.6 3925s
 19142374 2391597    0.04744   48   69    0.04654    0.05488  17.9%  37.9 4345s
 17253364 2614912 infeasible   33         0.04654    0.05488  17.9%  34.6 3930s
 19161978 2394098    0.05084   45   62    0.04654    0.05488  17.9%  37.9 4350s
 17274318 2618894    0.05488   34   44    0.04654    0.05488  17.9%  34.6 3935s
 19176779 2395853    0.05488   43   45    0.04654    0.05488  17.9%  37.9 4355s
 17291860 2621367     cutoff   48         0.04654    0.05488  17.9%  34.6 3940s
 19192562 2397483    0.04916   45   53    0.04654    0.05488  17.9%  37.9 4360s
 17308309 2623862    0.04712   46   49    0.04654    0.05488  17.9%  34.6 3945s
 19213422 2400278    0.05352   49   70    0.04654    0.05488  17.9%  38.0 4365s
 17330372 2626872    0.04677   46   55    0.04654    0.05488  17.9%  34.6 3950s
 19235138 2402842    0.04654   64   47    0.04654    0.05488  17.9%  38.0 4370s
 17346871 2628834    0.05488   44   46    0.04654    0.05488  17.9%  34.6 3955s
 19242756 2403693    0.04829   51   71    0.04654    0.05488  17.9%  38.0 4375s
 17360030 2630674    0.05488   49   50    0.04654    0.05488  17.9%  34.6 3960s
 19263754 2405722    0.04918   55   60    0.04654    0.05488  17.9%  38.0 4380s
 17378664 2633249    0.05414   29   57    0.04654    0.05488  17.9%  34.6 3965s
 19281273 2407318 infeasible   49         0.04654    0.05488  17.9%  38.0 4385s
 17398332 2635978    0.05395   39   63    0.04654    0.05488  17.9%  34.6 3970s
 19301375 2409495    0.05488   46   73    0.04654    0.05488  17.9%  38.0 4390s
 17408886 2637559     cutoff   47         0.04654    0.05488  17.9%  34.6 3975s
 19310112 2410636    0.04814   45   57    0.04654    0.05488  17.9%  38.0 4395s
 17430087 2640622    0.04720   52   67    0.04654    0.05488  17.9%  34.6 3980s
 19328104 2412706    0.05488   49   55    0.04654    0.05488  17.9%  38.0 4400s
 17452231 2644537     cutoff   54         0.04654    0.05488  17.9%  34.6 3985s
 19349660 2415209    0.05488   40   47    0.04654    0.05488  17.9%  38.0 4405s
 17463681 2646370    0.04962   44   60    0.04654    0.05488  17.9%  34.6 3990s
 19370508 2417293    0.05461   35   70    0.04654    0.05488  17.9%  38.0 4410s
 17484888 2649522    0.05488   41   58    0.04654    0.05488  17.9%  34.7 3995s
 19380013 2418703    0.05081   34   55    0.04654    0.05488  17.9%  38.0 4415s
 17505209 2652333    0.05488   38   57    0.04654    0.05488  17.9%  34.7 4000s
 19402383 2422517    0.05488   33   55    0.04654    0.05488  17.9%  38.0 4420s
 17515231 2653604    0.04899   38   61    0.04654    0.05488  17.9%  34.7 4005s
 19422136 2425754     cutoff   48         0.04654    0.05488  17.9%  38.0 4425s
 17537119 2656591     cutoff   50         0.04654    0.05488  17.9%  34.7 4010s
 19431347 2427124    0.04929   46   56    0.04654    0.05488  17.9%  38.0 4430s
 17555835 2659286    0.05488   54   53    0.04654    0.05488  17.9%  34.7 4015s
 19451969 2429794    0.04947   40   51    0.04654    0.05488  17.9%  38.0 4435s
 17565942 2660410     cutoff   58         0.04654    0.05488  17.9%  34.7 4020s
 19471429 2432210    0.05197   40   53    0.04654    0.05488  17.9%  38.0 4440s
 17584233 2663824    0.04769   44   43    0.04654    0.05488  17.9%  34.7 4025s
 19490030 2434683     cutoff   47         0.04654    0.05488  17.9%  38.0 4445s
 17603951 2667982    0.04972   48   37    0.04654    0.05488  17.9%  34.7 4030s
 19499657 2436116    0.04943   53   59    0.04654    0.05488  17.9%  38.0 4450s
 17612808 2669682     cutoff   51         0.04654    0.05488  17.9%  34.7 4035s
 19518883 2438605    0.05370   40   61    0.04654    0.05488  17.9%  38.0 4455s
 17631431 2672906     cutoff   56         0.04654    0.05488  17.9%  34.7 4040s
 19536265 2440648 infeasible   45         0.04654    0.05488  17.9%  38.0 4460s
 17650781 2675719    0.05461   40   67    0.04654    0.05488  17.9%  34.7 4045s
 19545774 2442218    0.04899   53   51    0.04654    0.05488  17.9%  38.0 4465s
 17662818 2677461    0.05360   46   54    0.04654    0.05488  17.9%  34.7 4050s
 19559663 2444247     cutoff   48         0.04654    0.05488  17.9%  38.0 4470s
 17671646 2678615    0.05037   45   55    0.04654    0.05488  17.9%  34.7 4055s
 19578520 2446233    0.05488   49   53    0.04654    0.05488  17.9%  38.0 4475s
 17689702 2681157    0.05188   48   59    0.04654    0.05488  17.9%  34.7 4060s
 19598292 2448286    0.04979   55   44    0.04654    0.05488  17.9%  38.0 4480s
 17707487 2683637    0.05488   46   47    0.04654    0.05488  17.9%  34.7 4065s
 19608130 2449407    0.05488   49   59    0.04654    0.05488  17.9%  38.0 4485s
 17714392 2684664    0.05480   46   56    0.04654    0.05488  17.9%  34.7 4070s
 19626430 2451251    0.04696   51   58    0.04654    0.05488  17.9%  38.0 4490s
 17731228 2687235    0.05338   43   64    0.04654    0.05488  17.9%  34.7 4075s
 19645741 2453324    0.05488   43   54    0.04654    0.05488  17.9%  38.0 4495s
 17753439 2690704    0.04893   53   58    0.04654    0.05488  17.9%  34.7 4080s
 19653613 2454079    0.04810   51   60    0.04654    0.05488  17.9%  38.0 4500s
 17774663 2693866    0.04916   47   44    0.04654    0.05488  17.9%  34.7 4085s
 19675673 2456767    0.05488   49   50    0.04654    0.05488  17.9%  38.0 4505s
 17785089 2695237    0.05325   41   64    0.04654    0.05488  17.9%  34.7 4090s
 19696201 2459282    0.05488   41   58    0.04654    0.05488  17.9%  38.0 4510s
 17804256 2698078    0.05054   47   63    0.04654    0.05488  17.9%  34.7 4095s
 19707151 2460533    0.04857   34   48    0.04654    0.05488  17.9%  38.1 4515s
 17822371 2700474 infeasible   43         0.04654    0.05488  17.9%  34.7 4100s
 19727537 2462952    0.04891   44   44    0.04654    0.05488  17.9%  38.1 4520s
 17831578 2701641     cutoff   51         0.04654    0.05488  17.9%  34.7 4105s
 19747502 2465347     cutoff   50         0.04654    0.05488  17.9%  38.1 4525s
 17851073 2704134    0.05488   47   53    0.04654    0.05488  17.9%  34.7 4110s
 19763002 2467010    0.05206   49   56    0.04654    0.05488  17.9%  38.1 4530s
 17869267 2706438    0.05028   34   35    0.04654    0.05488  17.9%  34.7 4115s
 19771820 2467866    0.05488   45   45    0.04654    0.05488  17.9%  38.1 4535s
 17889029 2709472    0.05460   50   53    0.04654    0.05488  17.9%  34.7 4120s
 19789360 2469891     cutoff   49         0.04654    0.05488  17.9%  38.1 4540s
 17898579 2711293    0.04772   44   54    0.04654    0.05488  17.9%  34.8 4125s
 19809224 2472317    0.05042   40   62    0.04654    0.05488  17.9%  38.1 4545s
 17917018 2714012    0.04879   47   64    0.04654    0.05488  17.9%  34.8 4130s
 19828912 2474800     cutoff   57         0.04654    0.05488  17.9%  38.1 4550s
 17937590 2717212 infeasible   46         0.04654    0.05488  17.9%  34.8 4135s
 19835346 2476445     cutoff   58         0.04654    0.05488  17.9%  38.1 4556s
 17949286 2719083    0.04896   43   63    0.04654    0.05488  17.9%  34.8 4140s
 19860909 2478009    0.04745   52   56    0.04654    0.05488  17.9%  38.1 4560s
 17972637 2722947    0.05488   57   46    0.04654    0.05488  17.9%  34.8 4145s
 19883012 2480876    0.05172   46   71    0.04654    0.05488  17.9%  38.1 4565s
 17995743 2727413    0.05488   48   57    0.04654    0.05488  17.9%  34.8 4150s
 19894624 2482822    0.04929   46   48    0.04654    0.05488  17.9%  38.1 4570s
 19916679 2486053    0.05488   42   54    0.04654    0.05488  17.9%  38.1 4575s
 18002959 2730236     cutoff   52         0.04654    0.05488  17.9%  34.8 4156s
 18027479 2732878     cutoff   46         0.04654    0.05488  17.9%  34.8 4160s
 19939721 2488499    0.05009   46   46    0.04654    0.05488  17.9%  38.1 4580s
 18049772 2736733    0.05318   46   53    0.04654    0.05488  17.9%  34.8 4165s
 19950421 2489828 infeasible   49         0.04654    0.05488  17.9%  38.1 4585s
 19973337 2492417    0.05253   43   51    0.04654    0.05488  17.9%  38.1 4590s
 18069809 2741640 infeasible   38         0.04654    0.05488  17.9%  34.8 4174s
 18079809 2741857     cutoff   46         0.04654    0.05488  17.9%  34.8 4175s
 19995768 2495049    0.05488   42   44    0.04654    0.05488  17.9%  38.1 4595s
 18103792 2745414    0.05488   45   55    0.04654    0.05488  17.9%  34.8 4180s
 20002952 2497208    0.05488   39   67    0.04654    0.05488  17.9%  38.1 4601s
 18127407 2749495    0.05477   44   68    0.04654    0.05488  17.9%  34.8 4185s
 20025602 2498860     cutoff   46         0.04654    0.05488  17.9%  38.1 4605s
 18138251 2751862     cutoff   50         0.04654    0.05488  17.9%  34.8 4190s
 20046989 2501300    0.05488   37   49    0.04654    0.05488  17.9%  38.1 4610s
 18161502 2755752    0.05488   47   31    0.04654    0.05488  17.9%  34.8 4195s
 20056714 2502441 infeasible   46         0.04654    0.05488  17.9%  38.1 4615s
 18181818 2759390     cutoff   51         0.04654    0.05488  17.9%  34.8 4200s
 20077256 2504910     cutoff   47         0.04654    0.05488  17.9%  38.1 4620s
 18192456 2761186    0.05397   40   50    0.04654    0.05488  17.9%  34.8 4205s
 20099363 2507751    0.04979   48   62    0.04654    0.05488  17.9%  38.1 4625s
 18215075 2764595    0.05134   44   47    0.04654    0.05488  17.9%  34.8 4210s
 20121990 2510767    0.05488   41   50    0.04654    0.05488  17.9%  38.1 4630s
 18237830 2768408    0.05488   38   61    0.04654    0.05488  17.9%  34.8 4215s
 20134580 2512343    0.05488   33   51    0.04654    0.05488  17.9%  38.1 4635s
 18247456 2770050     cutoff   67         0.04654    0.05488  17.9%  34.8 4220s
 20155027 2514479 infeasible   47         0.04654    0.05488  17.9%  38.1 4640s
 18268890 2773779     cutoff   36         0.04654    0.05488  17.9%  34.8 4225s
 20174864 2516095     cutoff   49         0.04654    0.05488  17.9%  38.2 4645s
 18290714 2778135    0.04676   44   58    0.04654    0.05488  17.9%  34.8 4230s
 20188882 2517515    0.04937   51   47    0.04654    0.05488  17.9%  38.2 4650s
 18302355 2780223    0.04999   47   52    0.04654    0.05488  17.9%  34.8 4235s
 20206530 2519133     cutoff   52         0.04654    0.05488  17.9%  38.2 4655s
 18322581 2783664    0.05488   42   60    0.04654    0.05488  17.9%  34.8 4240s
 20225105 2520839    0.05488   46   60    0.04654    0.05488  17.9%  38.2 4660s
 18343706 2787634    0.05488   32   67    0.04654    0.05488  17.9%  34.8 4245s
 20240456 2522818    0.05434   52   60    0.04654    0.05488  17.9%  38.2 4665s
 18358262 2790444     cutoff   40         0.04654    0.05488  17.9%  34.8 4250s
 20264509 2525449    0.05261   56   60    0.04654    0.05488  17.9%  38.2 4670s
 18373387 2793964    0.05488   33   57    0.04654    0.05488  17.9%  34.8 4255s
 20283397 2527483    0.04985   54   63    0.04654    0.05488  17.9%  38.2 4675s
 18394284 2798593    0.05488   39   64    0.04654    0.05488  17.9%  34.8 4260s
 20301203 2529669    0.04791   49   59    0.04654    0.05488  17.9%  38.2 4680s
 18416694 2802872     cutoff   44         0.04654    0.05488  17.9%  34.8 4265s
 20324517 2532334    0.05386   38   62    0.04654    0.05488  17.9%  38.2 4685s
 18426453 2804759     cutoff   43         0.04654    0.05488  17.9%  34.8 4270s
 20337353 2533764    0.04962   44   51    0.04654    0.05488  17.9%  38.2 4690s
 18449250 2809062    0.05369   50   64    0.04654    0.05488  17.9%  34.8 4275s
 20356509 2535598    0.05488   35   50    0.04654    0.05488  17.9%  38.2 4695s
 18469678 2812879    0.05461   45   56    0.04654    0.05488  17.9%  34.8 4280s
 20378365 2537799     cutoff   48         0.04654    0.05488  17.9%  38.2 4700s
 18479269 2814658     cutoff   62         0.04654    0.05488  17.9%  34.8 4285s
 20391905 2539210    0.04813   48   45    0.04654    0.05488  17.9%  38.2 4705s
 18501929 2818706     cutoff   50         0.04654    0.05488  17.9%  34.8 4290s
 20414528 2541554    0.04878   39   58    0.04654    0.05488  17.9%  38.2 4710s
 18523910 2822949    0.04908   57   64    0.04654    0.05488  17.9%  34.9 4295s
 20437031 2543715     cutoff   54         0.04654    0.05488  17.9%  38.2 4715s
 18542574 2826222    0.05029   48   55    0.04654    0.05488  17.9%  34.9 4300s
 20449422 2545217    0.05488   31   44    0.04654    0.05488  17.9%  38.2 4720s
 18555704 2828782    0.04708   40   68    0.04654    0.05488  17.9%  34.9 4305s
 20473645 2547831    0.04943   38   65    0.04654    0.05488  17.9%  38.2 4725s
 18577949 2832746    0.04788   54   60    0.04654    0.05488  17.9%  34.9 4310s
 20497285 2550671 infeasible   49         0.04654    0.05488  17.9%  38.2 4730s
 18598962 2836800    0.05488   35   71    0.04654    0.05488  17.9%  34.9 4315s
 20506522 2551904    0.05488   55   53    0.04654    0.05488  17.9%  38.2 4735s
 18607616 2838656    0.04789   46   51    0.04654    0.05488  17.9%  34.9 4320s
 20528674 2554106    0.04915   52   52    0.04654    0.05488  17.9%  38.2 4740s
 18627876 2842548    0.04940   44   61    0.04654    0.05488  17.9%  34.9 4325s
 20548925 2555827    0.04679   57   51    0.04654    0.05488  17.9%  38.2 4745s
 18645779 2845907    0.04900   47   58    0.04654    0.05488  17.9%  34.9 4330s
 20561325 2557090    0.05074   50   53    0.04654    0.05488  17.9%  38.2 4750s
 18661961 2848780    0.05444   48   57    0.04654    0.05488  17.9%  34.9 4335s
 20579718 2559455    0.05488   40   61    0.04654    0.05488  17.9%  38.2 4755s
 18673179 2851044    0.04733   45   55    0.04654    0.05488  17.9%  34.9 4340s
 20600925 2562261     cutoff   51         0.04654    0.05488  17.9%  38.2 4760s
 18694515 2855011    0.04734   51   54    0.04654    0.05488  17.9%  34.9 4345s
 20613402 2563854    0.04813   42   54    0.04654    0.05488  17.9%  38.2 4765s
 18716435 2858754    0.04739   44   51    0.04654    0.05488  17.9%  34.9 4350s
 20635804 2567010     cutoff   49         0.04654    0.05488  17.9%  38.2 4770s
 18732265 2861244     cutoff   50         0.04654    0.05488  17.9%  34.9 4355s
 20657765 2569662    0.05488   53   56    0.04654    0.05488  17.9%  38.2 4775s
 18748648 2863800    0.05488   38   67    0.04654    0.05488  17.9%  34.9 4360s
 20673591 2571346     cutoff   50         0.04654    0.05488  17.9%  38.2 4780s
 18770302 2867255    0.04782   46   50    0.04654    0.05488  17.9%  34.9 4365s
 20690284 2573711    0.04789   47   57    0.04654    0.05488  17.9%  38.2 4785s
 18790716 2870396    0.04934   52   67    0.04654    0.05488  17.9%  34.9 4370s
 20711163 2576599    0.04706   41   62    0.04654    0.05488  17.9%  38.2 4790s
 18794671 2871242    0.04682   54   67    0.04654    0.05488  17.9%  34.9 4375s
 20731272 2579569    0.04747   41   58    0.04654    0.05488  17.9%  38.2 4795s
 18815018 2874670    0.05207   43   63    0.04654    0.05488  17.9%  34.9 4380s
 20740908 2581144    0.04966   48   58    0.04654    0.05488  17.9%  38.2 4800s
 18837276 2879029    0.05488   45   55    0.04654    0.05488  17.9%  34.9 4385s
 20765012 2584195 infeasible   50         0.04654    0.05488  17.9%  38.2 4805s
 18859138 2882971    0.05307   44   65    0.04654    0.05488  17.9%  34.9 4390s
 20785969 2587869    0.04865   47   48    0.04654    0.05488  17.9%  38.2 4812s
 18866744 2884456     cutoff   47         0.04654    0.05488  17.9%  34.9 4395s
 20796455 2587993    0.04752   53   67    0.04654    0.05488  17.9%  38.2 4815s
 18887747 2888082    0.05488   41   66    0.04654    0.05488  17.9%  34.9 4400s
 20818125 2590695    0.05488   35   74    0.04654    0.05488  17.9%  38.2 4820s
 18910897 2891818     cutoff   46         0.04654    0.05488  17.9%  34.9 4405s
 20839853 2594285    0.05488   36   59    0.04654    0.05488  17.9%  38.2 4825s
 18931047 2894590    0.04995   46   60    0.04654    0.05488  17.9%  34.9 4410s
 20853050 2598161    0.04709   53   61    0.04654    0.05488  17.9%  38.2 4832s
 18941829 2896165    0.05344   42   57    0.04654    0.05488  17.9%  34.9 4415s
 20872681 2599618    0.05488   42   42    0.04654    0.05488  17.9%  38.2 4835s
 18964614 2899462     cutoff   54         0.04654    0.05488  17.9%  34.9 4420s
 20893241 2602383    0.04947   53   57    0.04654    0.05488  17.9%  38.2 4840s
 18987818 2902623    0.04662   51   56    0.04654    0.05488  17.9%  34.9 4425s
 20908997 2603992    0.05428   47   62    0.04654    0.05488  17.9%  38.3 4845s
 19005802 2905286     cutoff   47         0.04654    0.05488  17.9%  34.9 4430s
 20923716 2605785     cutoff   47         0.04654    0.05488  17.9%  38.3 4850s
 19016400 2906991     cutoff   59         0.04654    0.05488  17.9%  34.9 4435s
 20944943 2608720     cutoff   50         0.04654    0.05488  17.9%  38.3 4855s
 19037504 2910391    0.04714   53   60    0.04654    0.05488  17.9%  34.9 4440s
 20965627 2611962    0.05110   47   57    0.04654    0.05488  17.9%  38.3 4860s
 19058501 2913520     cutoff   48         0.04654    0.05488  17.9%  34.9 4445s
 20976058 2613454     cutoff   49         0.04654    0.05488  17.9%  38.3 4865s
 20999241 2616579    0.05022   46   58    0.04654    0.05488  17.9%  38.3 4870s
 19067544 2916326    0.04716   49   68    0.04654    0.05488  17.9%  34.9 4452s
 19090404 2918422     cutoff   49         0.04654    0.05488  17.9%  34.9 4455s
 21021540 2619711    0.05205   50   60    0.04654    0.05488  17.9%  38.3 4875s
 19112431 2921591    0.04729   54   60    0.04654    0.05488  17.9%  34.9 4460s
 21033180 2621004 infeasible   38         0.04654    0.05488  17.9%  38.3 4880s
 19125386 2923708     cutoff   51         0.04654    0.05488  17.9%  34.9 4465s
 21053657 2623902    0.05169   42   63    0.04654    0.05488  17.9%  38.3 4885s
 19138726 2925658    0.04875   54   36    0.04654    0.05488  17.9%  34.9 4470s
 21075202 2627329     cutoff   53         0.04654    0.05488  17.9%  38.3 4890s
 19158357 2928109    0.04988   52   54    0.04654    0.05488  17.9%  34.9 4475s
 21084079 2628650     cutoff   49         0.04654    0.05488  17.9%  38.3 4895s
 19178801 2930482     cutoff   54         0.04654    0.05488  17.9%  34.9 4480s
 21104949 2631459     cutoff   43         0.04654    0.05488  17.9%  38.3 4900s
 19183982 2932305     cutoff   56         0.04654    0.05488  17.9%  35.0 4485s
 21125266 2634393    0.04671   48   58    0.04654    0.05488  17.9%  38.3 4905s
 19210877 2934883     cutoff   47         0.04654    0.05488  17.9%  35.0 4490s
 21139750 2636606    0.05267   41   62    0.04654    0.05488  17.9%  38.3 4910s
 19230553 2937317    0.05335   51   60    0.04654    0.05488  17.9%  35.0 4495s
 21158350 2639444    0.05488   38   51    0.04654    0.05488  17.9%  38.3 4915s
 19235896 2937939    0.05255   47   68    0.04654    0.05488  17.9%  35.0 4500s
 21175749 2642005    0.04829   55   57    0.04654    0.05488  17.9%  38.3 4920s
 19255661 2940749    0.05334   53   53    0.04654    0.05488  17.9%  35.0 4505s
 21184215 2643150    0.05488   57   49    0.04654    0.05488  17.9%  38.3 4925s
 19273243 2943215    0.04955   47   64    0.04654    0.05488  17.9%  35.0 4510s
 21200823 2645405     cutoff   45         0.04654    0.05488  17.9%  38.3 4930s
 19285586 2944922     cutoff   56         0.04654    0.05488  17.9%  35.0 4515s
 21221564 2648223    0.05087   49   38    0.04654    0.05488  17.9%  38.3 4935s
 19307372 2947876    0.04698   42   57    0.04654    0.05488  17.9%  35.0 4520s
 21232541 2649673    0.04973   32   54    0.04654    0.05488  17.9%  38.3 4940s
 19329718 2951172    0.05488   54   63    0.04654    0.05488  17.9%  35.0 4525s
 21251600 2652242    0.04687   49   75    0.04654    0.05488  17.9%  38.3 4945s
 19340803 2952712     cutoff   51         0.04654    0.05488  17.9%  35.0 4530s
 21273318 2655440     cutoff   44         0.04654    0.05488  17.9%  38.3 4950s
 19362404 2955634    0.04707   44   61    0.04654    0.05488  17.9%  35.0 4535s
 21286898 2657256    0.05488   43   62    0.04654    0.05488  17.9%  38.3 4955s
 19382171 2958620     cutoff   55         0.04654    0.05488  17.9%  35.0 4540s
 21302569 2659700     cutoff   55         0.04654    0.05488  17.9%  38.3 4960s
 19392936 2960549    0.05175   33   48    0.04654    0.05488  17.9%  35.0 4545s
 21324135 2662722    0.04723   54   62    0.04654    0.05488  17.9%  38.3 4965s
 19413723 2964041     cutoff   46         0.04654    0.05488  17.9%  35.0 4550s
 21346586 2665795    0.05488   57   61    0.04654    0.05488  17.9%  38.3 4970s
 19433134 2966950    0.04810   51   54    0.04654    0.05488  17.9%  35.0 4555s
 21355366 2667033 infeasible   46         0.04654    0.05488  17.9%  38.3 4975s
 19444568 2968881    0.05367   46   60    0.04654    0.05488  17.9%  35.0 4560s
 21374556 2669766    0.05488   41   43    0.04654    0.05488  17.9%  38.3 4980s
 19465192 2971744    0.05488   43   55    0.04654    0.05488  17.9%  35.0 4565s
 21393780 2672653    0.05203   47   59    0.04654    0.05488  17.9%  38.3 4985s
 21408262 2674442    0.04830   41   57    0.04654    0.05488  17.9%  38.3 4990s
 19481825 2975169     cutoff   54         0.04654    0.05488  17.9%  35.0 4574s
 19493742 2975623    0.05052   46   51    0.04654    0.05488  17.9%  35.0 4575s
 21425387 2677003    0.05069   45   69    0.04654    0.05488  17.9%  38.3 4995s
 19511218 2977775     cutoff   50         0.04654    0.05488  17.9%  35.0 4580s
 21445877 2680320     cutoff   50         0.04654    0.05488  17.9%  38.3 5000s
 19530440 2980176    0.05488   43   44    0.04654    0.05488  17.9%  35.0 4585s
 21465591 2683221    0.04710   40   60    0.04654    0.05488  17.9%  38.3 5005s
 19539384 2981511    0.04725   52   56    0.04654    0.05488  17.9%  35.0 4590s
 21477451 2684917    0.05168   55   63    0.04654    0.05488  17.9%  38.3 5010s
 19559716 2985073    0.05488   42   44    0.04654    0.05488  17.9%  35.0 4595s
 21499263 2688123    0.05251   58   53    0.04654    0.05488  17.9%  38.3 5015s
 19580253 2988340    0.05309   46   56    0.04654    0.05488  17.9%  35.0 4600s
 21518709 2690890    0.05014   46   61    0.04654    0.05488  17.9%  38.3 5020s
 19597250 2990702     cutoff   52         0.04654    0.05488  17.9%  35.0 4605s
 21534726 2693082    0.05243   43   68    0.04654    0.05488  17.9%  38.3 5025s
H19608622 2992214                       0.0465375    0.05488  17.9%  35.0 4609s
H19608625 2992213                       0.0465375    0.05488  17.9%  35.0 4609s
 19608639 2992401    0.04975   49   63    0.04654    0.05488  17.9%  35.0 4610s
H19609846 2992405                       0.0465376    0.05488  17.9%  35.0 4610s
H19611380 2992565                       0.0465376    0.05488  17.9%  35.0 4611s
 21557045 2696312    0.05488   36   45    0.04654    0.05488  17.9%  38.3 5030s
 19621355 2994040    0.04879   53   60    0.04654    0.05488  17.9%  35.0 4615s
 21568485 2697951    0.04967   38   67    0.04654    0.05488  17.9%  38.3 5035s
 19639438 2996700    0.04862   50   51    0.04654    0.05488  17.9%  35.0 4620s
 21589074 2701242    0.05430   46   74    0.04654    0.05488  17.9%  38.3 5040s
 19654216 2999083    0.05488   47   56    0.04654    0.05488  17.9%  35.0 4625s
 21612510 2704628    0.05406   45   65    0.04654    0.05488  17.9%  38.3 5045s
 19675959 3002142    0.05488   38   52    0.04654    0.05488  17.9%  35.0 4630s
 21622580 2706236    0.05488   45   63    0.04654    0.05488  17.9%  38.3 5050s
 19695646 3004955     cutoff   48         0.04654    0.05488  17.9%  35.0 4635s
 21643249 2709202    0.05165   47   62    0.04654    0.05488  17.9%  38.3 5055s
 19705268 3006503     cutoff   52         0.04654    0.05488  17.9%  35.0 4640s
 21665517 2712571    0.04872   41   52    0.04654    0.05488  17.9%  38.3 5060s
 19726833 3009686     cutoff   45         0.04654    0.05488  17.9%  35.0 4645s
 21676271 2714192     cutoff   52         0.04654    0.05488  17.9%  38.3 5065s
 19748385 3013160    0.05233   46   62    0.04654    0.05488  17.9%  35.1 4650s
 21697738 2717271    0.05178   44   59    0.04654    0.05488  17.9%  38.3 5070s
 19757954 3014634    0.05248   47   65    0.04654    0.05488  17.9%  35.1 4655s
 21720473 2720505    0.05130   47   59    0.04654    0.05488  17.9%  38.3 5075s
 19781279 3018046    0.04965   43   65    0.04654    0.05488  17.9%  35.1 4660s
 21730170 2721790    0.04792   57   42    0.04654    0.05488  17.9%  38.3 5080s
 19803500 3021218     cutoff   49         0.04654    0.05488  17.9%  35.1 4665s
 21751391 2725102    0.04706   41   67    0.04654    0.05488  17.9%  38.3 5085s
 19816249 3022802    0.04913   40   70    0.04654    0.05488  17.9%  35.1 4670s
 21774234 2729514    0.05488   44   54    0.04654    0.05488  17.9%  38.4 5090s
 19838907 3025775    0.05488   45   61    0.04654    0.05488  17.9%  35.1 4675s
 21783364 2731088    0.04958   41   51    0.04654    0.05488  17.9%  38.4 5095s
 19856982 3027908    0.04797   60   60    0.04654    0.05488  17.9%  35.1 4680s
 21804409 2734489    0.04997   43   69    0.04654    0.05488  17.9%  38.4 5100s
 19868563 3029514    0.04797   56   56    0.04654    0.05488  17.9%  35.1 4685s
 21824205 2737562    0.04951   43   50    0.04654    0.05488  17.9%  38.4 5105s
 19888822 3031968    0.05488   43   55    0.04654    0.05488  17.9%  35.1 4690s
 21829647 2738484    0.04845   50   56    0.04654    0.05488  17.9%  38.4 5110s
 19909306 3034706    0.05488   43   51    0.04654    0.05488  17.9%  35.1 4695s
 21850402 2740956     cutoff   50         0.04654    0.05488  17.9%  38.4 5115s
 19913665 3036314    0.05259   54   54    0.04654    0.05488  17.9%  35.1 4700s
 21872419 2743650    0.04832   54   46    0.04654    0.05488  17.9%  38.4 5120s
 19941463 3039388     cutoff   60         0.04654    0.05488  17.9%  35.1 4705s
 21891056 2746054     cutoff   44         0.04654    0.05488  17.9%  38.4 5125s
 19962884 3043092     cutoff   53         0.04654    0.05488  17.9%  35.1 4710s
 21905544 2747802 infeasible   52         0.04654    0.05488  17.9%  38.4 5130s
 19972248 3044611     cutoff   50         0.04654    0.05488  17.9%  35.1 4715s
 21927269 2750175    0.05203   49   57    0.04654    0.05488  17.9%  38.4 5135s
 19991184 3047741    0.05488   53   58    0.04654    0.05488  17.9%  35.1 4720s
 21943912 2751632     cutoff   49         0.04654    0.05488  17.9%  38.4 5140s
 20013743 3051032    0.05179   55   66    0.04654    0.05488  17.9%  35.1 4725s
 21959062 2753372     cutoff   52         0.04654    0.05488  17.9%  38.4 5145s
 20024322 3052631    0.05451   48   56    0.04654    0.05488  17.9%  35.1 4730s
 21979803 2755825     cutoff   53         0.04654    0.05488  17.9%  38.4 5150s
 20047602 3055539 infeasible   58         0.04654    0.05488  17.9%  35.1 4735s
 21998554 2757826     cutoff   59         0.04654    0.05488  17.9%  38.4 5155s
 20065554 3057772     cutoff   57         0.04654    0.05488  17.9%  35.1 4740s
 22008809 2759112    0.05257   37   63    0.04654    0.05488  17.9%  38.4 5160s
 20079601 3060065    0.05488   48   22    0.04654    0.05488  17.9%  35.1 4745s
 22029684 2761439     cutoff   52         0.04654    0.05488  17.9%  38.4 5165s
 20102184 3063537    0.05093   55   52    0.04654    0.05488  17.9%  35.1 4750s
 22049560 2763270    0.04936   40   57    0.04654    0.05488  17.9%  38.4 5170s
 20119191 3065800     cutoff   57         0.04654    0.05488  17.9%  35.1 4755s
 22062622 2764802    0.05008   55   51    0.04654    0.05488  17.9%  38.4 5175s
 20139143 3068345    0.04710   58   53    0.04654    0.05488  17.9%  35.1 4760s
 22082620 2767099    0.05149   52   42    0.04654    0.05488  17.9%  38.4 5180s
 20160059 3070793     cutoff   53         0.04654    0.05488  17.9%  35.1 4765s
 22103660 2770144    0.04690   35   61    0.04654    0.05488  17.9%  38.4 5185s
 20174078 3072446    0.05488   53   46    0.04654    0.05488  17.9%  35.1 4770s
 22115258 2771963    0.04774   58   57    0.04654    0.05488  17.9%  38.4 5190s
 20195444 3074978    0.05361   41   66    0.04654    0.05488  17.9%  35.1 4775s
H20200650 3075404                       0.0465376    0.05488  17.9%  35.1 4776s
 22138193 2774881     cutoff   48         0.04654    0.05488  17.9%  38.4 5195s
 20206438 3076262    0.04770   51   59    0.04654    0.05488  17.9%  35.1 4780s
 22155956 2776655    0.05414   45   52    0.04654    0.05488  17.9%  38.4 5200s
 20228066 3079307     cutoff   48         0.04654    0.05488  17.9%  35.1 4785s
 22168667 2778127    0.04882   42   52    0.04654    0.05488  17.9%  38.4 5205s
 20241623 3081083    0.05318   52   59    0.04654    0.05488  17.9%  35.1 4790s
 22189403 2780254    0.05318   51   64    0.04654    0.05488  17.9%  38.4 5210s
 20261262 3083892     cutoff   48         0.04654    0.05488  17.9%  35.1 4795s
 22207335 2781937    0.05315   54   63    0.04654    0.05488  17.9%  38.4 5215s
 20277716 3086156     cutoff   49         0.04654    0.05488  17.9%  35.1 4800s
 22212853 2782587    0.04958   52   42    0.04654    0.05488  17.9%  38.4 5220s
 20288155 3087597     cutoff   49         0.04654    0.05488  17.9%  35.1 4805s
 22231203 2784590    0.05125   60   51    0.04654    0.05488  17.9%  38.4 5225s
 20304892 3089847    0.05370   53   57    0.04654    0.05488  17.9%  35.1 4810s
 22247965 2786518    0.04736   52   55    0.04654    0.05488  17.9%  38.4 5230s
 20324628 3092241     cutoff   54         0.04654    0.05488  17.9%  35.2 4815s
 22266553 2788526     cutoff   51         0.04654    0.05488  17.9%  38.4 5235s
 20335450 3093780    0.05208   41   45    0.04654    0.05488  17.9%  35.2 4820s
 22277886 2789988     cutoff   50         0.04654    0.05488  17.9%  38.4 5240s
 20355462 3096540    0.05488   46   49    0.04654    0.05488  17.9%  35.2 4825s
 22296007 2791997 infeasible   65         0.04654    0.05488  17.9%  38.4 5245s
 20372670 3098754    0.05177   57   46    0.04654    0.05488  17.9%  35.2 4830s
 22317692 2794536    0.05192   44   63    0.04654    0.05488  17.9%  38.4 5250s
 20385507 3100643    0.05488   48   58    0.04654    0.05488  17.9%  35.2 4835s
 22328982 2795868    0.04701   52   61    0.04654    0.05488  17.9%  38.4 5255s
 20405479 3103506    0.05054   58   57    0.04654    0.05488  17.9%  35.2 4840s
 22350507 2798229    0.05052   56   66    0.04654    0.05488  17.9%  38.4 5260s
 20421994 3105534    0.05017   48   58    0.04654    0.05488  17.9%  35.2 4845s
 22369248 2800057    0.04758   52   46    0.04654    0.05488  17.9%  38.4 5265s
H20427163 3106166                       0.0465377    0.05488  17.9%  35.2 4848s
 20432142 3106857     cutoff   57         0.04654    0.05488  17.9%  35.2 4850s
 22382430 2801493    0.04739   38   62    0.04654    0.05488  17.9%  38.4 5270s
 20452300 3109361    0.05488   43   48    0.04654    0.05488  17.9%  35.2 4855s
 22401794 2803668    0.05478   53   63    0.04654    0.05488  17.9%  38.4 5275s
 20471798 3111481    0.05488   44   43    0.04654    0.05488  17.9%  35.2 4860s
 22412078 2804602    0.04660   50   60    0.04654    0.05488  17.9%  38.4 5280s
 20478550 3112706    0.04896   52   59    0.04654    0.05488  17.9%  35.2 4865s
 22431162 2806596    0.04765   42   57    0.04654    0.05488  17.9%  38.4 5285s
 20499345 3116192    0.05270   40   50    0.04654    0.05488  17.9%  35.2 4870s
 22451540 2808825    0.05357   52   56    0.04654    0.05488  17.9%  38.4 5290s
 20518247 3118976    0.05014   48   52    0.04654    0.05488  17.9%  35.2 4875s
 22469047 2810634     cutoff   54         0.04654    0.05488  17.9%  38.4 5295s
 20527784 3120192     cutoff   48         0.04654    0.05488  17.9%  35.2 4880s
 22478388 2811838    0.05488   52   57    0.04654    0.05488  17.9%  38.4 5300s
 20547059 3122674    0.04827   45   60    0.04654    0.05488  17.9%  35.2 4885s
 22499241 2813929    0.04819   57   56    0.04654    0.05488  17.9%  38.4 5305s
 20566780 3125237    0.05488   43   55    0.04654    0.05488  17.9%  35.2 4890s
 22518229 2815803    0.05443   52   41    0.04654    0.05488  17.9%  38.4 5310s
 20577880 3126544    0.04849   58   58    0.04654    0.05488  17.9%  35.2 4895s
 22525449 2816356     cutoff   50         0.04654    0.05488  17.9%  38.4 5315s
 20596229 3128562    0.05488   34   56    0.04654    0.05488  17.9%  35.2 4900s
 22542598 2817941     cutoff   58         0.04654    0.05488  17.9%  38.5 5320s
 20614533 3130989    0.04745   49   57    0.04654    0.05488  17.9%  35.2 4905s
 22561061 2819717    0.05382   53   48    0.04654    0.05488  17.9%  38.5 5325s
 20627103 3133256    0.04729   51   54    0.04654    0.05488  17.9%  35.2 4910s
 22578809 2821481    0.05488   49   65    0.04654    0.05488  17.9%  38.5 5330s
 20641804 3135494    0.05411   50   53    0.04654    0.05488  17.9%  35.2 4915s
 22593081 2822774     cutoff   52         0.04654    0.05488  17.9%  38.5 5335s
 20659714 3138086     cutoff   51         0.04654    0.05488  17.9%  35.2 4920s
 22603738 2824060    0.04700   61   41    0.04654    0.05488  17.9%  38.5 5340s
 20674194 3140049    0.04907   53   44    0.04654    0.05488  17.9%  35.2 4925s
 22624467 2826464    0.05072   56   65    0.04654    0.05488  17.9%  38.5 5345s
 20690592 3143047 infeasible   55         0.04654    0.05488  17.9%  35.2 4930s
 22646306 2828780    0.04779   63   57    0.04654    0.05488  17.9%  38.5 5350s
 20712774 3146745    0.05200   58   54    0.04654    0.05488  17.9%  35.2 4935s
 22652471 2829350    0.05079   56   60    0.04654    0.05488  17.9%  38.5 5355s
 20724703 3148309     cutoff   46         0.04654    0.05488  17.9%  35.2 4940s
 22674296 2831051    0.05245   61   46    0.04654    0.05488  17.9%  38.5 5360s
 20746615 3151033    0.04970   60   44    0.04654    0.05488  17.9%  35.2 4945s
 22695749 2832940     cutoff   55         0.04654    0.05488  17.9%  38.5 5365s
 20768402 3153750    0.05269   61   59    0.04654    0.05488  17.9%  35.2 4950s
 22716847 2834841    0.04907   50   62    0.04654    0.05488  17.9%  38.5 5370s
 20778986 3155070     cutoff   48         0.04654    0.05488  17.9%  35.2 4955s
 22725434 2835531 infeasible   58         0.04654    0.05488  17.9%  38.5 5375s
 20799825 3158213    0.04995   41   57    0.04654    0.05488  17.9%  35.2 4960s
 22744232 2837610     cutoff   54         0.04654    0.05488  17.9%  38.5 5380s
 20818618 3160593    0.04900   48   53    0.04654    0.05488  17.9%  35.2 4965s
 22764624 2839929     cutoff   52         0.04654    0.05488  17.9%  38.5 5385s
 20831082 3162440    0.04668   54   55    0.04654    0.05488  17.9%  35.2 4970s
 22782498 2841879    0.05362   52   64    0.04654    0.05488  17.9%  38.5 5390s
 20847235 3164404     cutoff   47         0.04654    0.05488  17.9%  35.2 4975s
 22791102 2842763    0.05275   57   56    0.04654    0.05488  17.9%  38.5 5395s
 20859670 3165873    0.05488   45   50    0.04654    0.05488  17.9%  35.2 4980s
 22806130 2844272     cutoff   53         0.04654    0.05488  17.9%  38.5 5400s
 20875898 3167518    0.04981   59   58    0.04654    0.05488  17.9%  35.2 4985s
 22825937 2845970     cutoff   58         0.04654    0.05488  17.9%  38.5 5405s
 20896617 3169623     cutoff   56         0.04654    0.05488  17.9%  35.3 4990s
 22847773 2847739    0.05488   57   42    0.04654    0.05488  17.9%  38.5 5410s
 20910479 3171076    0.04679   49   58    0.04654    0.05488  17.9%  35.3 4995s
 22858971 2848743    0.04983   51   40    0.04654    0.05488  17.9%  38.5 5415s
 20930910 3173278    0.05075   50   56    0.04654    0.05488  17.9%  35.3 5000s
 22878329 2850309    0.05355   50   61    0.04654    0.05488  17.9%  38.5 5420s
 20948639 3175422    0.05062   50   58    0.04654    0.05488  17.9%  35.3 5005s
 22896013 2851715    0.05058   60   43    0.04654    0.05488  17.9%  38.5 5425s
 20958117 3176572    0.04901   50   43    0.04654    0.05488  17.9%  35.3 5010s
 22910391 2853293     cutoff   51         0.04654    0.05488  17.9%  38.5 5430s
 20976048 3178767    0.04930   38   52    0.04654    0.05488  17.9%  35.3 5015s
 22919380 2854057    0.05395   52   56    0.04654    0.05488  17.9%  38.5 5435s
 20991722 3181112    0.05488   49   58    0.04654    0.05488  17.9%  35.3 5020s
 22935855 2855307     cutoff   59         0.04654    0.05488  17.9%  38.6 5440s
 20992809 3182708     cutoff   43         0.04654    0.05488  17.9%  35.3 5026s
 22954901 2856596    0.04657   44   57    0.04654    0.05488  17.9%  38.6 5445s
 21015798 3184645    0.05040   39   61    0.04654    0.05488  17.9%  35.3 5030s
 22971297 2857598     cutoff   41         0.04654    0.05488  17.9%  38.6 5450s
 21034440 3187193     cutoff   50         0.04654    0.05488  17.9%  35.3 5035s
 22978975 2858486    0.05488   53   46    0.04654    0.05488  17.9%  38.6 5455s
 21046769 3188880    0.05417   36   59    0.04654    0.05488  17.9%  35.3 5040s
 22998804 2860424    0.05047   56   32    0.04654    0.05488  17.9%  38.6 5460s
 21063599 3191306     cutoff   50         0.04654    0.05488  17.9%  35.3 5045s
 23020677 2862839     cutoff   52         0.04654    0.05488  17.9%  38.6 5465s
 21085122 3194239    0.05488   40   55    0.04654    0.05488  17.9%  35.3 5050s
 23033421 2864225    0.05233   48   52    0.04654    0.05488  17.9%  38.6 5470s
 21104659 3196676 infeasible   40         0.04654    0.05488  17.9%  35.3 5055s
 23049953 2866060    0.05488   73   33    0.04654    0.05488  17.9%  38.6 5475s
 21114033 3198236     cutoff   53         0.04654    0.05488  17.9%  35.3 5060s
 23067818 2867564    0.05488   37   38    0.04654    0.05488  17.9%  38.6 5480s
 21130629 3200614    0.05488   42   69    0.04654    0.05488  17.9%  35.3 5065s
 23083230 2868780     cutoff   58         0.04654    0.05488  17.9%  38.6 5485s
 21151637 3203578 infeasible   54         0.04654    0.05488  17.9%  35.3 5070s
 23092414 2869606     cutoff   59         0.04654    0.05488  17.9%  38.6 5490s
 21162524 3205070 infeasible   45         0.04654    0.05488  17.9%  35.3 5075s
 23109915 2871072     cutoff   57         0.04654    0.05488  17.9%  38.6 5495s
 21178583 3207089    0.05488   45   60    0.04654    0.05488  17.9%  35.3 5080s
 23126460 2872337 infeasible   53         0.04654    0.05488  17.9%  38.6 5500s
 21197060 3209501    0.05431   43   55    0.04654    0.05488  17.9%  35.3 5085s
 23143483 2873725    0.05306   57   50    0.04654    0.05488  17.9%  38.6 5505s
 21210974 3211568    0.05363   41   65    0.04654    0.05488  17.9%  35.3 5090s
 23153027 2874625    0.04777   44   59    0.04654    0.05488  17.9%  38.6 5510s
 21222911 3213605     cutoff   46         0.04654    0.05488  17.9%  35.3 5095s
 23173956 2876605    0.05002   51   64    0.04654    0.05488  17.9%  38.6 5515s
 21243510 3216401     cutoff   45         0.04654    0.05488  17.9%  35.3 5100s
 23194094 2878578    0.05488   57   28    0.04654    0.05488  17.9%  38.6 5520s
 21260196 3218607    0.04682   49   58    0.04654    0.05488  17.9%  35.3 5105s
 23205821 2879751    0.05488   42   40    0.04654    0.05488  17.9%  38.6 5525s
 21275616 3221236    0.05005   51   51    0.04654    0.05488  17.9%  35.3 5110s
 23223959 2881468     cutoff   60         0.04654    0.05488  17.9%  38.6 5530s
 21296742 3224272    0.04888   48   60    0.04654    0.05488  17.9%  35.3 5115s
 23245101 2883255    0.04888   46   70    0.04654    0.05488  17.9%  38.6 5535s
 21309607 3225827    0.05271   48   62    0.04654    0.05488  17.9%  35.3 5120s
 23266228 2885756    0.05488   42   61    0.04654    0.05488  17.9%  38.6 5540s
 21329657 3227901    0.05163   54   45    0.04654    0.05488  17.9%  35.3 5125s
 23273729 2886508    0.05011   43   59    0.04654    0.05488  17.9%  38.6 5545s
 21350626 3230001    0.05488   42   56    0.04654    0.05488  17.9%  35.3 5130s
 23295678 2889526     cutoff   50         0.04654    0.05488  17.9%  38.6 5550s
 21361889 3231519    0.05103   48   59    0.04654    0.05488  17.9%  35.3 5135s
 23315328 2891825    0.05488   47   52    0.04654    0.05488  17.9%  38.6 5555s
 21382556 3234003    0.05140   57   56    0.04654    0.05488  17.9%  35.4 5140s
 23336495 2894200 infeasible   53         0.04654    0.05488  17.9%  38.6 5560s
 21401090 3236071    0.04830   62   59    0.04654    0.05488  17.9%  35.4 5145s
 23345444 2895161    0.05058   52   60    0.04654    0.05488  17.9%  38.6 5565s
 21414843 3237790     cutoff   52         0.04654    0.05488  17.9%  35.4 5150s
 23366469 2896990    0.04823   46   52    0.04654    0.05488  17.9%  38.6 5570s
 21434373 3240047    0.05056   56   49    0.04654    0.05488  17.9%  35.4 5155s
 23388174 2899354    0.05383   45   56    0.04654    0.05488  17.9%  38.6 5575s
 21452923 3241998     cutoff   52         0.04654    0.05488  17.9%  35.4 5160s
 23396915 2900825    0.05130   48   55    0.04654    0.05488  17.9%  38.6 5580s
 21462371 3243174    0.05488   51   56    0.04654    0.05488  17.9%  35.4 5165s
 23416491 2903509     cutoff   60         0.04654    0.05488  17.9%  38.6 5585s
 21482891 3245801 infeasible   60         0.04654    0.05488  17.9%  35.4 5170s
 23434355 2905595    0.05081   52   63    0.04654    0.05488  17.9%  38.6 5590s
 21500340 3248075     cutoff   61         0.04654    0.05488  17.9%  35.4 5175s
 23451398 2907547    0.04796   50   59    0.04654    0.05488  17.9%  38.6 5595s
 21513825 3249713    0.04670   59   47    0.04654    0.05488  17.9%  35.4 5180s
 23466266 2909333     cutoff   45         0.04654    0.05488  17.9%  38.6 5600s
 21533170 3251856     cutoff   64         0.04654    0.05488  17.9%  35.4 5185s
 23487819 2911470     cutoff   50         0.04654    0.05488  17.9%  38.6 5605s
 21555275 3253922    0.05147   55   60    0.04654    0.05488  17.9%  35.4 5190s
 23501207 2912500    0.05024   40   51    0.04654    0.05488  17.9%  38.6 5610s
 21567059 3254993    0.04964   49   54    0.04654    0.05488  17.9%  35.4 5195s
 23519347 2914479     cutoff   51         0.04654    0.05488  17.9%  38.6 5615s
 21587443 3256748    0.05272   46   51    0.04654    0.05488  17.9%  35.4 5200s
 23540053 2916603    0.04808   49   55    0.04654    0.05488  17.9%  38.6 5620s
 21606859 3258688    0.05488   50   38    0.04654    0.05488  17.9%  35.4 5205s
 23553827 2917940    0.05231   43   65    0.04654    0.05488  17.9%  38.6 5625s
 21617153 3260063    0.05267   57   51    0.04654    0.05488  17.9%  35.4 5210s
 23569102 2919525    0.05280   52   65    0.04654    0.05488  17.9%  38.7 5630s
 21636808 3262020    0.05113   56   67    0.04654    0.05488  17.9%  35.4 5215s
 23588593 2921763    0.05321   48   59    0.04654    0.05488  17.9%  38.7 5635s
 21655812 3263964    0.04875   57   51    0.04654    0.05488  17.9%  35.4 5220s
 23604890 2923476     cutoff   40         0.04654    0.05488  17.9%  38.7 5640s
 21665660 3265180    0.04798   56   55    0.04654    0.05488  17.9%  35.4 5225s
 23615617 2924585    0.04753   49   45    0.04654    0.05488  17.9%  38.7 5645s
 21685005 3267267     cutoff   42         0.04654    0.05488  17.9%  35.4 5230s
 23633842 2926275    0.05488   55   63    0.04654    0.05488  17.9%  38.7 5650s
 21704732 3269718    0.05363   56   67    0.04654    0.05488  17.9%  35.4 5235s
 23653736 2928199    0.05488   44   47    0.04654    0.05488  17.9%  38.7 5655s
 21715978 3271139    0.05041   57   60    0.04654    0.05488  17.9%  35.4 5240s
 23662548 2929200     cutoff   54         0.04654    0.05488  17.9%  38.7 5660s
 21736672 3273500     cutoff   61         0.04654    0.05488  17.9%  35.4 5245s
 23681616 2930864    0.05183   56   54    0.04654    0.05488  17.9%  38.7 5665s
 21752444 3275384    0.04973   53   53    0.04654    0.05488  17.9%  35.4 5250s
 23702834 2932745     cutoff   50         0.04654    0.05488  17.9%  38.7 5670s
 21769410 3277459    0.05488   54   54    0.04654    0.05488  17.9%  35.4 5255s
 23712637 2933546    0.04663   45   66    0.04654    0.05488  17.9%  38.7 5675s
 21788949 3280095    0.05069   47   63    0.04654    0.05488  17.9%  35.4 5260s
 23731489 2935244 infeasible   51         0.04654    0.05488  17.9%  38.7 5680s
 21801741 3281339    0.05244   51   60    0.04654    0.05488  17.9%  35.4 5265s
 23751243 2937380    0.05488   52   44    0.04654    0.05488  17.9%  38.7 5685s
 21817998 3283319 infeasible   63         0.04654    0.05488  17.9%  35.4 5270s
 21834254 3285275    0.04662   46   57    0.04654    0.05488  17.9%  35.5 5275s
 23765811 2939436     cutoff   53         0.04654    0.05488  17.9%  38.7 5693s
 23780852 2939977    0.05488   37   53    0.04654    0.05488  17.9%  38.7 5695s
 21853717 3287998    0.05134   43   51    0.04654    0.05488  17.9%  35.5 5280s
 23801210 2941912    0.05473   44   58    0.04654    0.05488  17.9%  38.7 5700s
 21864143 3289376     cutoff   45         0.04654    0.05488  17.9%  35.5 5285s
 23820086 2943708    0.05488   46   52    0.04654    0.05488  17.9%  38.7 5705s
 21885446 3292170     cutoff   45         0.04654    0.05488  17.9%  35.5 5290s
 23829957 2944591    0.04847   47   61    0.04654    0.05488  17.9%  38.7 5710s
 21904941 3294169    0.05488   45   68    0.04654    0.05488  17.9%  35.5 5295s
 23848964 2946518    0.05111   52   53    0.04654    0.05488  17.9%  38.7 5715s
 21915625 3295192    0.04752   52   64    0.04654    0.05488  17.9%  35.5 5300s
 23870648 2948678    0.05488   54   55    0.04654    0.05488  17.9%  38.7 5720s
 21935852 3297573    0.05488   43   42    0.04654    0.05488  17.9%  35.5 5305s
 23880983 2949811    0.05475   57   65    0.04654    0.05488  17.9%  38.7 5725s
 21950659 3299320    0.04663   56   56    0.04654    0.05488  17.9%  35.5 5310s
 23902094 2951904    0.05393   44   49    0.04654    0.05488  17.9%  38.7 5730s
 21966584 3301098    0.04828   50   52    0.04654    0.05488  17.9%  35.5 5315s
 23923237 2954053    0.05488   44   58    0.04654    0.05488  17.9%  38.7 5735s
 21988580 3303494     cutoff   53         0.04654    0.05488  17.9%  35.5 5320s
 23933526 2955181     cutoff   46         0.04654    0.05488  17.9%  38.7 5740s
 22003184 3305409    0.05018   48   59    0.04654    0.05488  17.9%  35.5 5325s
 23954904 2957673     cutoff   59         0.04654    0.05488  17.9%  38.7 5745s
 22017529 3307742    0.04712   44   60    0.04654    0.05488  17.9%  35.5 5330s
 23976479 2959940    0.05488   42   62    0.04654    0.05488  17.9%  38.7 5750s
 22037726 3310672    0.04840   52   50    0.04654    0.05488  17.9%  35.5 5335s
 23984878 2960760    0.05488   54   45    0.04654    0.05488  17.9%  38.7 5755s
 22057536 3312871    0.05155   51   55    0.04654    0.05488  17.9%  35.5 5340s
 24004707 2962606    0.05029   56   65    0.04654    0.05488  17.9%  38.7 5760s
 22070301 3314307    0.04854   54   53    0.04654    0.05488  17.9%  35.5 5345s
 24025203 2964439    0.05488   52   51    0.04654    0.05488  17.9%  38.7 5765s
 22088101 3316676    0.05488   50   65    0.04654    0.05488  17.9%  35.5 5350s
 24036425 2965394    0.05488   53   58    0.04654    0.05488  17.9%  38.7 5770s
 22108338 3319032    0.05488   45   68    0.04654    0.05488  17.9%  35.5 5355s
 24053309 2967227     cutoff   63         0.04654    0.05488  17.9%  38.7 5775s
 22123573 3320931    0.04758   46   44    0.04654    0.05488  17.9%  35.5 5360s
 24074907 2969347    0.04916   46   56    0.04654    0.05488  17.9%  38.7 5780s
 22143460 3323421     cutoff   61         0.04654    0.05488  17.9%  35.5 5365s
 24092468 2971033    0.05125   45   48    0.04654    0.05488  17.9%  38.7 5785s
 22162353 3325360    0.04804   61   51    0.04654    0.05488  17.9%  35.5 5370s
 24104255 2972463    0.05401   48   55    0.04654    0.05488  17.9%  38.7 5790s
 22178590 3327634     cutoff   56         0.04654    0.05488  17.9%  35.5 5375s
 24122901 2974529    0.04725   42   59    0.04654    0.05488  17.9%  38.7 5795s
 22197217 3330123    0.05488   42   40    0.04654    0.05488  17.9%  35.5 5380s
 24138978 2976119    0.04791   51   58    0.04654    0.05488  17.9%  38.8 5800s
 22209338 3332026    0.05126   50   58    0.04654    0.05488  17.9%  35.5 5385s
 24150583 2977531     cutoff   47         0.04654    0.05488  17.9%  38.8 5805s
 22230328 3334860     cutoff   45         0.04654    0.05488  17.9%  35.5 5390s
 24172248 2980047     cutoff   43         0.04654    0.05488  17.9%  38.8 5810s
 22244856 3336640     cutoff   54         0.04654    0.05488  17.9%  35.5 5395s
 24192917 2981792    0.04842   47   62    0.04654    0.05488  17.9%  38.8 5815s
 22261539 3338714     cutoff   53         0.04654    0.05488  17.9%  35.5 5400s

Cutting planes:
  Gomory: 26
  Implied bound: 21
  MIR: 9
  Flow cover: 95
  Inf proof: 2038
  RLT: 186
  Relax-and-lift: 44

Explored 22262541 nodes (791095325 simplex iterations) in 5400.00 seconds (7951.68 work units)
Thread count was 10 (of 10 available processors)

Solution count 5: 0.0465377 0.0465376 0.0465375 ... 0.0465374

Time limit reached
Best objective 4.653765033867e-02, best bound 5.487599917090e-02, gap 17.9174%
 24205417 2982957    0.05116   55   58    0.04654    0.05488  17.9%  38.8 5820s
 24243667 2986023    0.04761   42   64    0.04654    0.05488  17.9%  38.8 5825s
 24270473 2988729     cutoff   53         0.04654    0.05488  17.9%  38.8 5830s
 24308717 2993277    0.04739   38   56    0.04654    0.05488  17.9%  38.8 5835s
 24337148 2998406    0.04811   50   58    0.04654    0.05488  17.9%  38.8 5840s
 24377942 3003765    0.05427   39   62    0.04654    0.05488  17.9%  38.8 5845s
 24406284 3006828    0.05488   46   64    0.04654    0.05488  17.9%  38.8 5850s
 24436537 3010717     cutoff   49         0.04654    0.05488  17.9%  38.8 5855s
 24475159 3015781    0.05291   47   64    0.04654    0.05488  17.9%  38.8 5860s
 24502951 3019037    0.05488   51   64    0.04654    0.05488  17.9%  38.8 5865s
 24542693 3023736    0.05273   40   84    0.04654    0.05488  17.9%  38.8 5870s
 24572844 3027198    0.04809   49   59    0.04654    0.05488  17.9%  38.8 5875s
 24611881 3031789     cutoff   42         0.04654    0.05488  17.9%  38.8 5880s
 24638973 3034872     cutoff   48         0.04654    0.05488  17.9%  38.8 5885s

Cutting planes:
  Gomory: 23
  Implied bound: 34
  MIR: 17
  Flow cover: 105
  Inf proof: 1717
  RLT: 256
  Relax-and-lift: 46

Explored 24650462 nodes (956318620 simplex iterations) in 5886.74 seconds (9108.00 work units)
Thread count was 10 (of 10 available processors)

Solution count 1: 0.0465374 

Solve interrupted
Best objective 4.653741988215e-02, best bound 5.487599917090e-02, gap 17.9180%
